sample_id,signer_id,sign_id,policy,frame_count,valid_ratio,shoulder_ratio,left_ratio,right_ratio,both_ratio,selected_hand,track_ratio,max_missing_run,max_internal_gap,path_length,avg_speed,max_jump,amplitude_x,amplitude_y,start_x,start_y,end_x,end_y,mean_separation,separation_range
S001_CSL_bye_0001,S001,CSL_bye,dominant_either,32,0.6111111111111112,1.0,0.0,1.0,0.0,right,1.0,0,0,0.6272519248290015,0.30419772798180883,0.09537458135795503,0.07653730916169632,0.13225988826484747,-0.6496698637987807,-1.0685468329137824,-0.6945030045308199,-1.0495553536856495,nan,nan
S001_CSL_bye_0002,S001,CSL_bye,dominant_either,30,0.6111111111111112,1.0,0.0,1.0,0.0,right,1.0,0,0,0.8608811144422198,0.44581455323888225,0.10107995334465489,0.08171551544113276,0.236145361569581,-0.5824974488234433,-1.0884126314566753,-0.6060517962406927,-1.1194361495833705,nan,nan
S001_CSL_bye_0003,S001,CSL_bye,dominant_either,30,0.6111111111111112,1.0,0.0,1.0,0.0,right,1.0,0,0,0.5678965482741235,0.29301140620233795,0.07038490291696838,0.05451408745019337,0.14570902395375163,-0.6675576574325641,-0.9864010490751195,-0.691248676901591,-1.0636988418682636,nan,nan
S001_CSL_bye_0004,S001,CSL_bye,dominant_either,31,0.6111111111111112,1.0,0.0,1.0,0.0,right,1.0,0,0,0.7972747320134846,0.3893286578325267,0.10387289231476145,0.1686156682961394,0.1384113020472153,-0.6389056108204711,-0.9545084276495605,-0.7774672182262172,-1.022215413895822,nan,nan
S001_CSL_bye_0005,S001,CSL_bye,dominant_either,30,0.6111111111111112,1.0,0.0,1.0,0.0,right,1.0,0,0,0.8066644462359853,0.4206727586542231,0.10698330268261287,0.08535527544902721,0.1864124557643343,-0.7914408271795528,-0.9388632877382057,-0.775119568899537,-0.848659653775287,nan,nan
S001_CSL_hello_0001,S001,CSL_hello,dominant_either,30,0.5851851851851851,1.0,0.03333333333333333,0.9,0.0,right,0.9,3,3,1.9035414699157411,1.1696577483036354,0.3383282223552694,0.15493138816775853,0.7269631482922951,-0.35573237938784963,0.12223598877225772,-0.5106637675556082,0.10219681885904179,nan,nan
S001_CSL_hello_0002,S001,CSL_hello,dominant_either,30,0.6111111111111112,1.0,0.03333333333333333,0.9666666666666667,0.0,right,0.9666666666666667,1,1,2.1550771583897284,1.1937671953553586,0.23834962448571284,0.16937495495696275,0.754707783258611,-0.41448630577529705,0.058740747122095704,-0.5402019711855943,-0.008434421842820547,nan,nan
S001_CSL_hello_0003,S001,CSL_hello,dominant_either,30,0.6111111111111112,1.0,0.03333333333333333,0.9666666666666667,0.0,right,0.9666666666666667,1,1,2.1481521088367175,1.1972188340674468,0.24108822386862816,0.0888218217286964,0.6413956426781015,-0.3776600093981392,0.03279401572231842,-0.37750563861021247,-0.20008155015275145,nan,nan
S001_CSL_hello_0004,S001,CSL_hello,dominant_either,31,0.5609318996415771,1.0,0.03225806451612903,0.8387096774193549,0.0,right,0.8387096774193549,5,5,1.29423259349321,0.8334006632540527,0.11462452045206305,0.18760292827621194,0.48610841602123445,-0.39673502066870775,0.18613618669075713,-0.5263155566858796,-0.056718528682588545,nan,nan
S001_CSL_hello_0005,S001,CSL_hello,dominant_either,30,0.5981481481481481,1.0,0.03333333333333333,0.9333333333333333,0.0,right,0.9333333333333333,1,1,1.6942466385382389,1.0370937748803266,0.15260698330290362,0.15126217309027062,0.570419519699132,-0.3534320642418656,0.16728732623826592,-0.4417612869024675,0.25310661652996796,nan,nan
S001_CSL_what_0001,S001,CSL_what,both_hands,31,0.8620071684587813,1.0,0.8387096774193549,0.8064516129032258,0.6774193548387096,both,0.6774193548387096,4,4,0.881878112577,0.8407333171228009,0.17043694260439315,0.07105351210691568,1.0324261538998671,-0.057971891306513146,0.2962050204439176,-0.07765930028586415,0.12791734764835638,1.1327550194074452,1.2037917850645057
S001_CSL_what_0002,S001,CSL_what,both_hands,31,0.899641577060932,1.0,0.8064516129032258,0.9354838709677419,0.7741935483870968,both,0.7741935483870968,5,5,1.1696306682970201,0.8315602753577123,0.2477267167703108,0.054439053242673396,0.8931810975195916,-0.01095422854388875,0.3615318480537447,-0.018748864288092276,0.42092647074773576,0.9509453568101861,0.5388140274015174
S001_CSL_what_0003,S001,CSL_what,both_hands,31,0.899641577060932,1.0,0.8387096774193549,0.9032258064516129,0.7419354838709677,both,0.7419354838709677,5,5,0.5148876071381872,0.4412376371656451,0.176307958905041,0.0916268673768029,0.330768246010677,-0.036597846957722335,0.4888320377035595,-0.01184288650944132,0.518574195284428,0.9664502694111115,0.41376197026094286
S001_CSL_what_0005,S001,CSL_what,both_hands,30,0.8962962962962963,1.0,0.7666666666666667,0.9666666666666667,0.7333333333333333,both,0.7333333333333333,6,6,0.48327582149781045,0.4212778880194033,0.11394623192525702,0.8781364014442296,0.8309212542051032,-0.061132768849537666,0.7580942734315755,-0.04141974670588991,0.48361696678019483,0.9762135000594988,1.155416767111035
S001_CSL_what_0004,S001,CSL_what,both_hands,30,0.8574074074074074,1.0,0.7333333333333333,0.9,0.7,both,0.7,5,5,0.5321936267365005,0.45237566807341756,0.09274962874094159,0.10911324822652718,0.6078137277930549,-0.038444258485134275,0.45921551076505895,-0.044396814406220286,0.3482773745526302,1.069973154602632,1.1775250566946198
S002_CSL_bye_0001,S002,CSL_bye,dominant_either,34,0.6111111111111112,1.0,0.0,1.0,0.0,right,1.0,0,0,2.0994557473271556,1.0421719827926341,0.3368373416439796,0.21372946732456283,0.5540454566755553,-0.46092488995122094,-0.4184884804103562,-0.5175648696647882,-0.2879822913365416,nan,nan
S002_CSL_bye_0002,S002,CSL_bye,dominant_either,33,0.5993265993265994,1.0,0.030303030303030304,0.9393939393939394,0.0,right,0.9393939393939394,1,1,4.272073364796459,2.359184756089509,0.5409797966876316,0.20285300739622114,1.1493052126404146,-0.495615060851535,-0.7259859450353018,-0.6796573153717939,0.36903069262685834,nan,nan
S002_CSL_bye_0003,S002,CSL_bye,dominant_either,34,0.5996732026143791,1.0,0.029411764705882353,0.9411764705882353,0.0,right,0.9411764705882353,1,1,2.270550229239738,1.2624744145819686,0.3630594406088389,0.0851131979063402,1.1204858050929345,-0.5798036166292434,-0.8019130556478392,-0.5248328241065118,0.2293266173637697,nan,nan
S002_CSL_bye_0004,S002,CSL_bye,dominant_either,34,0.5996732026143791,1.0,0.029411764705882353,0.9411764705882353,0.0,right,0.9411764705882353,1,1,2.9156967652021097,1.5656731953057716,0.41210207314005826,0.12510500043128825,1.1872182522468773,-0.5189458577363169,-0.9128029881952471,-0.5958005594259801,0.12987351593426558,nan,nan
S002_CSL_bye_0005,S002,CSL_bye,dominant_either,34,0.6111111111111112,1.0,0.0,1.0,0.0,right,1.0,0,0,3.7841948769647815,1.8494973947595643,0.4326817747702634,0.2950849224519225,1.1550851514866334,-0.5290607708246013,-0.9732750918958867,-0.553908475693764,-0.25732806085659443,nan,nan
S002_CSL_hello_0001,S002,CSL_hello,dominant_either,33,0.563973063973064,1.0,0.030303030303030304,0.8484848484848485,0.030303030303030304,right,0.8484848484848485,5,5,1.7896485839191658,1.0049617854184119,0.23483699778505854,0.17316681781641452,0.881026902133206,-0.4961349607967199,-0.19459273081029746,-0.6075815894670727,0.5832164934865096,nan,nan
S002_CSL_hello_0002,S002,CSL_hello,dominant_either,34,0.45098039215686275,1.0,0.058823529411764705,0.5294117647058824,0.058823529411764705,right,0.5294117647058824,12,1,1.9447813185559164,1.8251152194378792,0.23280576352701896,0.1016668059169118,0.8186003390367624,-0.4655119114301335,-0.33813750712331947,-0.41918278819369914,0.2108012645991523,nan,nan
S002_CSL_hello_0003,S002,CSL_hello,dominant_either,35,0.4777777777777778,1.0,0.0,0.6571428571428571,0.0,right,0.6571428571428571,10,1,1.9259718807265551,1.528062981838013,0.2827484883873633,0.10946070478624209,0.77082856260807,-0.4577769705219579,-0.14019991976894106,-0.465591513391884,0.06361724235815594,nan,nan
S002_CSL_hello_0004,S002,CSL_hello,dominant_either,34,0.553921568627451,1.0,0.029411764705882353,0.8235294117647058,0.0,right,0.8235294117647058,6,6,1.3311572794973652,0.8456412964262304,0.16093332915399394,0.1370433768399152,0.7185326899942839,-0.4788435929373988,-0.22468343272039987,-0.3879404591612665,-0.5209080370177102,nan,nan
S002_CSL_hello_0005,S002,CSL_hello,dominant_either,33,0.5757575757575758,1.0,0.0,0.9090909090909091,0.0,right,0.9090909090909091,3,3,2.366450898116885,1.3312409518606283,0.27685609144662204,0.11139346171812564,1.2008839224819918,-0.48180637669005577,-0.6073048791686472,-0.5066323793786889,0.16657961528807155,nan,nan
S002_CSL_what_0001,S002,CSL_what,both_hands,32,0.8298611111111112,1.0,0.71875,0.84375,0.6875,both,0.6875,4,4,0.4753913040407111,0.44654379814722645,0.0613873182818334,0.19897744568383455,1.0200672261522126,-0.04264549993172034,0.5383115089151679,-0.12722580775989933,0.9974886439337551,1.2543162538829356,1.1956632755450305
S002_CSL_what_0002,S002,CSL_what,both_hands,33,0.8703703703703703,1.0,0.8484848484848485,0.8181818181818182,0.7878787878787878,both,0.7878787878787878,4,4,1.3139615576219796,0.9560378368641033,0.1802466474936531,0.08586700135383607,1.9281400426640738,0.015515030710321537,0.3016298458317277,-0.033997847527254266,1.1749992401776572,1.2233735049710373,0.88943626324611
S002_CSL_what_0003,S002,CSL_what,both_hands,33,0.8939393939393939,1.0,0.8484848484848485,0.8787878787878788,0.7878787878787878,both,0.7878787878787878,5,5,0.9723303186430147,0.6966288221189877,0.14739103376407017,0.164841281922318,1.8142250900292105,0.001433509460726179,0.530712343119688,-0.07942982080940719,1.0281066809930306,1.3521457875867855,1.1633192539984598
S002_CSL_what_0004,S002,CSL_what,both_hands,34,0.9084967320261438,1.0,0.8235294117647058,0.9411764705882353,0.8235294117647058,both,0.8235294117647058,3,3,0.6418290423672574,0.44338017457567674,0.07628803055088672,0.10417052564086776,1.157216532442519,0.005980397650617059,0.5637557696862548,-0.050108534021272244,0.9491530243168187,1.3482491668607142,1.011634080901888
S002_CSL_what_0005,S002,CSL_what,both_hands,30,0.8833333333333333,1.0,0.8333333333333334,0.8666666666666667,0.7666666666666667,both,0.7666666666666667,7,7,0.49797461003144344,0.36374160870097394,0.08294554153174642,0.07010004320481619,0.9305767516581247,0.029429390225445468,0.2265656734445058,0.036392537155326976,1.0311517980280989,1.2997310289268795,1.2167651542309061
S003_CSL_bye_0001,S003,CSL_bye,dominant_either,33,0.6111111111111112,1.0,0.0,1.0,0.0,right,1.0,0,0,0.7952999641666405,0.4072913918849723,0.12041359188026522,0.06608222107861272,0.21567776763359048,-0.667632840301462,-0.7997977583366216,-0.6733798913782236,-0.8157904533933376,nan,nan
S003_CSL_bye_0002,S003,CSL_bye,dominant_either,33,0.6111111111111112,1.0,0.0,1.0,0.0,right,1.0,0,0,0.7643723958080594,0.38184070988570673,0.16060918261569018,0.03245542513693145,0.20571370571014802,-0.6653664531146467,-0.8380917407560737,-0.6563942455056454,-0.8204253304439484,nan,nan
S003_CSL_bye_0003,S003,CSL_bye,dominant_either,34,0.6111111111111112,1.0,0.0,1.0,0.0,right,1.0,0,0,1.3267158455616563,0.6636784302996916,0.13478964033268456,0.25415455847347546,0.2847093273039325,-0.6456610279431219,-0.7397140443550194,-0.6462604999148299,-0.7398076181166047,nan,nan
S003_CSL_bye_0004,S003,CSL_bye,dominant_either,33,0.6111111111111112,1.0,0.0,1.0,0.0,right,1.0,0,0,1.4423160605525163,0.7266119792626874,0.19599826256871836,0.22372146565842732,0.23246306669408479,-0.6163920631781664,-0.7160741061102158,-0.6153994261924878,-0.7252783301247833,nan,nan
S003_CSL_bye_0005,S003,CSL_bye,dominant_either,34,0.6111111111111112,1.0,0.0,1.0,0.0,right,1.0,0,0,1.7276317696289871,0.8616440167000988,0.23196263201544476,0.3202422321260015,0.33755039501108225,-0.6104578998052409,-0.7166977968454872,-0.5991214061372206,-0.6834350123857514,nan,nan
S003_CSL_hello_0001,S003,CSL_hello,dominant_either,31,0.53584229390681,1.0,0.03225806451612903,0.7741935483870968,0.0,right,0.7741935483870968,4,4,0.8935997243335072,0.6334491229515644,0.1236604803843196,0.3338516259654192,1.3234927161758856,-0.3339385217155355,-0.020479994779175885,-0.5443009530114631,0.5618556554896321,nan,nan
S003_CSL_hello_0002,S003,CSL_hello,dominant_either,29,0.5574712643678161,1.0,0.034482758620689655,0.8275862068965517,0.0,right,0.8275862068965517,3,3,1.5950513505968178,1.056657601151128,0.3726457216302086,0.28202535441621285,1.5237504103715767,-0.3613562702267515,0.17570134578466798,-0.5501234863981944,0.8930444477914845,nan,nan
S003_CSL_hello_0003,S003,CSL_hello,dominant_either,31,0.5609318996415771,1.0,0.03225806451612903,0.8387096774193549,0.0,right,0.8387096774193549,3,3,1.494709731188767,1.0339398780220959,0.2551448322473891,0.26648531112113977,1.487139357290107,-0.46405685746940606,0.4961462572401552,-0.5794772445934143,0.9521807085809914,nan,nan
S003_CSL_hello_0004,S003,CSL_hello,dominant_either,29,0.5306513409961686,1.0,0.06896551724137931,0.7241379310344828,0.0,right,0.7241379310344828,4,4,1.1778864199392651,0.9579818812734715,0.3205445664596356,0.43473626387405084,2.685559372758221,-0.7697835569756342,2.102250241113166,-0.5502821934649783,0.7075580023174352,nan,nan
S003_CSL_hello_0005,S003,CSL_hello,dominant_either,29,0.5842911877394636,1.0,0.10344827586206896,0.8275862068965517,0.034482758620689655,right,0.8275862068965517,4,4,2.263612400197497,1.582506059049408,0.2941415413015156,0.2917111530170619,1.7130806285241815,-0.4550014456398918,0.7360133798173522,-0.6099098897694526,0.8394661579952898,nan,nan
S003_CSL_what_0001,S003,CSL_what,both_hands,35,0.9555555555555556,1.0,0.9714285714285714,0.9142857142857143,0.8857142857142857,both,0.8857142857142857,3,3,1.766420691804037,1.069204817685938,0.27034454019042037,0.08064642961132218,0.9159766923337231,0.05423057410178572,0.8965202128129826,0.0006210226574661637,1.4221854582408184,1.3315356872346331,0.9982505740452092
S003_CSL_what_0002,S003,CSL_what,both_hands,34,0.9313725490196079,1.0,0.8823529411764706,0.9411764705882353,0.8235294117647058,both,0.8235294117647058,4,4,0.5818694150716005,0.3905633520585763,0.09097517654893512,0.07377352215961974,1.1556448733245464,0.04168077476028448,1.4034315942330375,0.09703529123563415,1.4776434306384452,1.644071263865444,1.130646793868451
S003_CSL_what_0003,S003,CSL_what,both_hands,35,0.9444444444444444,1.0,0.8571428571428571,1.0,0.8571428571428571,both,0.8571428571428571,3,3,0.8505165787132166,0.560965587896641,0.21272896507572034,0.0592139987212946,0.9537467987966914,0.08317600127894031,1.0140682060363486,0.06339060780185407,1.0711416529602031,1.7180800710168118,1.2698244201733697
S003_CSL_what_0004,S003,CSL_what,both_hands,35,0.9333333333333333,1.0,0.9142857142857143,0.9142857142857143,0.8285714285714286,both,0.8285714285714286,5,5,0.9003047017664256,0.5986476568747974,0.22175615936370052,0.04496802199280181,0.9443520890850563,0.09368660950445423,1.0173654349123218,0.10041277913280722,1.1539796686145933,1.423891406349704,1.238100122039569
S003_CSL_what_0005,S003,CSL_what,both_hands,35,0.8888888888888888,1.0,1.0,0.7142857142857143,0.7142857142857143,both,0.7142857142857143,4,4,1.5930232780327387,1.2555267117890916,0.19670120969962365,0.043814986807717615,0.8176137868605524,0.07553011523125391,1.2876953455920743,0.10195394853535117,0.7292093913418038,1.3122701811103894,1.1966322382665662
S004_CSL_bye_0001,S004,CSL_bye,dominant_either,32,0.6111111111111112,1.0,0.0,1.0,0.0,right,1.0,0,0,0.7269368982069343,0.36038159838235223,0.09596562950739661,0.14228957462345782,0.1811790329107854,-0.8631025817028615,-0.9691959209892088,-0.859214692471373,-1.0048516663440503,nan,nan
S004_CSL_bye_0002,S004,CSL_bye,dominant_either,31,0.6111111111111112,1.0,0.0,1.0,0.0,right,1.0,0,0,0.4571377358622216,0.23241537465842763,0.05755684314354375,0.09217425586972405,0.08091653449894975,-0.9477298711403805,-1.0195182507049259,-0.9404103057970412,-1.0128943862013795,nan,nan
S004_CSL_bye_0003,S004,CSL_bye,dominant_either,31,0.6111111111111112,1.0,0.0,1.0,0.0,right,1.0,0,0,0.5440755018371748,0.2686739642364435,0.060287602370458604,0.11337309462154654,0.10205626290342484,-0.9493603037015779,-1.0516898577422962,-0.9545270966133508,-1.063301486914522,nan,nan
S004_CSL_bye_0004,S004,CSL_bye,dominant_either,31,0.6111111111111112,1.0,0.0,1.0,0.0,right,1.0,0,0,0.600006465631776,0.3025194044196021,0.05510051543805842,0.11510811853559433,0.12806464148874086,-0.9711791542076662,-1.056863803776251,-0.9647085714858166,-1.0417182885083927,nan,nan
S004_CSL_bye_0005,S004,CSL_bye,dominant_either,31,0.6111111111111112,1.0,0.0,1.0,0.0,right,1.0,0,0,0.6847860631463997,0.35113931545835775,0.09094800542267106,0.1290544484430537,0.12798998636599557,-0.9625785400336504,-1.0684268411633637,-0.9534927203967134,-1.0785014438554485,nan,nan
S004_CSL_bye_0006,S004,CSL_bye,dominant_either,31,0.6111111111111112,1.0,0.0,1.0,0.0,right,1.0,0,0,0.5424472244963733,0.2713064747990109,0.04774974907426508,0.11948933616479862,0.08920945658182311,-0.9484881564189551,-1.1101455035397942,-0.9323007295463313,-1.1049868278154373,nan,nan
S004_CSL_bye_0007,S004,CSL_bye,dominant_either,30,0.6111111111111112,1.0,0.0,1.0,0.0,right,1.0,0,0,0.7160501680428532,0.3656607250518136,0.05856405846106111,0.12733832266754286,0.1376552966420973,-0.9235212444317699,-1.1096753410965212,-0.8833144124099418,-1.1036950742911233,nan,nan
S004_CSL_bye_0008,S004,CSL_bye,dominant_either,30,0.6111111111111112,1.0,0.0,1.0,0.0,right,1.0,0,0,0.559474751200038,0.30410983474723435,0.06301892785305495,0.13067973827232915,0.09945704721957815,-0.8946795161147693,-1.175812532077858,-0.8711585804399559,-1.1388490235776305,nan,nan
S004_CSL_bye_0009,S004,CSL_bye,dominant_either,31,0.6111111111111112,1.0,0.0,1.0,0.0,right,1.0,0,0,0.6835601675146319,0.34115589868667145,0.08342520455160764,0.12103493514227648,0.15429945665163403,-0.8864924808473917,-1.1953677703396262,-0.8633169307694046,-1.15830172601765,nan,nan
S004_CSL_bye_0010,S004,CSL_bye,dominant_either,30,0.6111111111111112,1.0,0.0,1.0,0.0,right,1.0,0,0,0.582769298608543,0.29847639887517574,0.057156873145799356,0.08664709471257581,0.14387149015174416,-0.8749924878857571,-1.250753554109649,-0.8356053526064601,-1.2365757384962912,nan,nan
S004_CSL_bye_0011,S004,CSL_bye,dominant_either,31,0.6111111111111112,1.0,0.0,1.0,0.0,right,1.0,0,0,0.7655421297432538,0.38265115844341185,0.10779598168569444,0.08154527663123656,0.16857820458528394,-0.9093979222158494,-1.197350842505315,-0.8987530602643962,-1.2553152712118134,nan,nan
S004_CSL_bye_0012,S004,CSL_bye,dominant_either,30,0.6111111111111112,1.0,0.03333333333333333,0.9666666666666667,0.0,right,0.9666666666666667,1,1,1.2176409260804724,0.6850570660134535,0.18774841120127125,0.09335892179195704,0.39787950873783,-1.0561541904867755,-0.5363377791469363,-0.9706367323573042,-0.6075043606893423,nan,nan
S004_CSL_bye_0013,S004,CSL_bye,dominant_either,31,0.6111111111111112,1.0,0.0,1.0,0.0,right,1.0,0,0,1.1826018899974837,0.5966709827603546,0.15138460873600168,0.08206519872070284,0.33520749568616354,-1.0073984968156187,-0.608288432179966,-0.999991285395591,-0.6289399862540547,nan,nan
S004_CSL_bye_0014,S004,CSL_bye,dominant_either,30,0.6111111111111112,1.0,0.0,1.0,0.0,right,1.0,0,0,1.1530241371922723,0.5939537929102311,0.1231211496483622,0.13914448718826522,0.28214908918488846,-1.0232809377848002,-0.9169170979039639,-0.9713952117133287,-0.9105867774112365,nan,nan
S004_CSL_bye_0015,S004,CSL_bye,dominant_either,31,0.6111111111111112,1.0,0.0,1.0,0.0,right,1.0,0,0,1.2717744735884806,0.6235434758821597,0.13511921015627704,0.17470822843667932,0.3463223259254047,-0.9937971322470392,-0.923889591391269,-1.0286770383002124,-0.8663250358653394,nan,nan
S004_CSL_bye_0016,S004,CSL_bye,dominant_either,30,0.6111111111111112,1.0,0.0,1.0,0.0,right,1.0,0,0,1.1326229422593064,0.5794643809576062,0.15753382402040708,0.12879803126688205,0.29630619904744127,-0.9421628325764444,-0.9187515498635919,-0.9847173101014607,-0.9344865224753152,nan,nan
S004_CSL_bye_0017,S004,CSL_bye,dominant_either,31,0.6111111111111112,1.0,0.0,1.0,0.0,right,1.0,0,0,0.8429466320245601,0.42326074452030193,0.1058573500844632,0.13093444630990503,0.1762071544766063,-0.9564336429420027,-0.9273934775889957,-0.9892008296036536,-0.9420787564584768,nan,nan
S004_CSL_bye_0018,S004,CSL_bye,dominant_either,30,0.6111111111111112,1.0,0.0,1.0,0.0,right,1.0,0,0,1.1207743077847385,0.5915653756350622,0.13043295491435478,0.17856564417101484,0.2312417299805516,-0.987618040299795,-0.9407249041234106,-0.9176832088542903,-0.9133797034460717,nan,nan
S004_CSL_bye_0019,S004,CSL_bye,dominant_either,30,0.6111111111111112,1.0,0.0,1.0,0.0,right,1.0,0,0,0.9155430159637012,0.48387988156023215,0.12606275157951288,0.1512381518684638,0.21794223746861996,-0.9350675954317792,-0.8951826094933214,-0.9302024926464691,-0.9163747014604355,nan,nan
S004_CSL_bye_0020,S004,CSL_bye,dominant_either,31,0.6111111111111112,1.0,0.0,1.0,0.0,right,1.0,0,0,1.1454816248352344,0.5873914007966795,0.17350237632571922,0.11352800074411173,0.3080136846497443,-0.9174088363247301,-0.9104340475691456,-0.9055274210182357,-0.9299348090345086,nan,nan
S004_CSL_hello_0001,S004,CSL_hello,dominant_either,30,0.5851851851851851,1.0,0.06666666666666667,0.8666666666666667,0.0,right,0.8666666666666667,3,3,1.2801360234184644,0.8330051627031325,0.15841470663001916,0.05716203332187009,0.6640939234703827,-0.601173444474717,-0.5165554073011636,-0.5842037714435677,-0.4727935924308236,nan,nan
S004_CSL_hello_0002,S004,CSL_hello,dominant_either,30,0.5074074074074074,1.0,0.06666666666666667,0.6666666666666666,0.0,right,0.6666666666666666,4,4,0.9309807030471005,0.9251027781471609,0.1885300514693063,0.1888424965997455,1.1571752073232178,-0.5420671798082923,-0.6683228507302831,-0.5805620584785567,-0.12930820460246023,nan,nan
S004_CSL_hello_0003,S004,CSL_hello,dominant_either,30,0.5592592592592592,1.0,0.23333333333333334,0.6333333333333333,0.0,right,0.6333333333333333,10,10,1.106189411034189,1.0525531622744073,0.205230597464363,0.12677737979812986,0.8108438289732592,-0.6256260453542181,-0.5292493853390271,-0.5341337961644951,-0.14856558342411116,nan,nan
S004_CSL_hello_0004,S004,CSL_hello,dominant_either,31,0.460573476702509,1.0,0.0967741935483871,0.5161290322580645,0.0,right,0.5161290322580645,14,14,0.3817552779229242,0.4493176232943186,0.09293263919434767,0.06803208471066563,0.30241098404404354,-0.5232066070872105,0.17569568617201617,-0.4735123858615227,0.02131522519049396,nan,nan
S004_CSL_hello_0005,S004,CSL_hello,dominant_either,31,0.6111111111111112,1.0,0.0967741935483871,0.9032258064516129,0.0,right,0.9032258064516129,2,2,0.5690878895919689,0.34146603463931835,0.0719147539380315,0.09300781592515439,0.4146418247949731,-0.5111486401816246,-0.7023755108899284,-0.5754616240002021,-0.5761355460900862,nan,nan
S004_CSL_hello_0006,S004,CSL_hello,dominant_either,30,0.6111111111111112,1.0,0.0,1.0,0.0,right,1.0,0,0,0.6440592685557563,0.3399402630487647,0.0682322158347556,0.05546342487488509,0.2579751892025316,-0.7266144810918547,-0.7207795900432475,-0.7499874027996642,-0.5375678439867942,nan,nan
S004_CSL_hello_0007,S004,CSL_hello,dominant_either,30,0.5981481481481481,1.0,0.3,0.6666666666666666,0.0,right,0.6666666666666666,9,9,0.7274076447633915,0.6584212578807246,0.16765167940413878,0.07509049851039717,0.8425859407688434,-0.6516935861507889,-1.075426541790188,-0.7100938951120414,-0.3102021173973479,nan,nan
S004_CSL_hello_0008,S004,CSL_hello,dominant_either,31,0.6111111111111112,1.0,0.16129032258064516,0.8387096774193549,0.0,right,0.8387096774193549,4,4,1.0452283600610561,0.6960447426232684,0.16521968324819955,0.15062214227790738,0.6699329915350167,-0.5774776429199427,-1.100309680348389,-0.6613510300426002,-0.7327768215899152,nan,nan
S004_CSL_hello_0009,S004,CSL_hello,dominant_either,30,0.6111111111111112,1.0,0.06666666666666667,0.9333333333333333,0.0,right,0.9333333333333333,1,1,1.039178492436469,0.6357729574542659,0.14027454047712137,0.15999271960091332,0.6444344635893222,-0.6389506339304089,-1.1467930336274974,-0.7065014379601647,-0.70029182854737,nan,nan
S004_CSL_hello_0010,S004,CSL_hello,dominant_either,31,0.5985663082437276,1.0,0.16129032258064516,0.8064516129032258,0.0,right,0.8064516129032258,6,6,1.161828280131421,0.752016787656635,0.15383208692423528,0.1429668995784389,0.8823279551146679,-0.6929166255108723,-1.28962617138636,-0.7145987567283889,-0.5565848660428973,nan,nan
S004_CSL_hello_0011,S004,CSL_hello,dominant_either,31,0.6111111111111112,1.0,0.0,1.0,0.0,right,1.0,0,0,1.5737709910439879,0.78471933795385,0.1614873668575196,0.21144014035744474,0.49140486474371736,-0.5709247089464466,-0.9025670117152583,-0.6377146858985254,-0.6607965030748785,nan,nan
S004_CSL_hello_0012,S004,CSL_hello,dominant_either,31,0.6111111111111112,1.0,0.0,1.0,0.0,right,1.0,0,0,1.1250543894998597,0.560776736956862,0.14322737837352234,0.14945205673370632,0.6789116577966197,-0.7038066260716433,-0.5395869452481887,-0.745250875955919,0.09054445124907341,nan,nan
S004_CSL_hello_0013,S004,CSL_hello,dominant_either,31,0.5985663082437276,1.0,0.0,0.967741935483871,0.0,right,0.967741935483871,1,1,1.0316077134778303,0.5444729407223127,0.1422207890983816,0.1424379330867377,0.7069396696604806,-0.6873119851110432,-0.902364030806885,-0.8225189031461878,-0.27737622242558135,nan,nan
S004_CSL_hello_0014,S004,CSL_hello,dominant_either,32,0.6111111111111112,1.0,0.03125,0.96875,0.0,right,0.96875,1,1,1.2089890387035171,0.6208295538988174,0.18362977213569096,0.14877165408593596,0.5667703848079804,-0.7151474330062149,-0.8165635344338822,-0.8015206289639749,-0.3794115712231554,nan,nan
S004_CSL_hello_0015,S004,CSL_hello,dominant_either,31,0.5985663082437276,1.0,0.12903225806451613,0.8387096774193549,0.0,right,0.8387096774193549,4,4,1.4216364272997544,0.9592823946517532,0.2607611864704904,0.11446298507184272,0.5455956524200238,-0.8086552026015609,-0.8623818567843381,-0.8618025031665562,-0.42845546725680944,nan,nan
S004_CSL_hello_0016,S004,CSL_hello,dominant_either,31,0.5860215053763441,1.0,0.0967741935483871,0.8387096774193549,0.0,right,0.8387096774193549,3,3,0.8410094829746676,0.563093440712437,0.12800499985619843,0.3144383135356347,0.5701737738025618,-0.7187007410942465,-1.0823634706226197,-0.9410777226086131,-0.5929067661183932,nan,nan
S004_CSL_hello_0017,S004,CSL_hello,dominant_either,30,0.6111111111111112,1.0,0.1,0.9,0.0,right,0.9,2,2,0.7626560331526617,0.475625631520229,0.1492444307573838,0.2577548397358541,0.3405626262137248,-0.6863200906794633,-0.9265845176837806,-0.8847286546780401,-0.7213313437215826,nan,nan
S004_CSL_hello_0018,S004,CSL_hello,dominant_either,30,0.6111111111111112,1.0,0.06666666666666667,0.9333333333333333,0.0,right,0.9333333333333333,1,1,1.2247792219996971,0.7513660840520241,0.2483503759806674,0.10081184949807398,0.3822365504011843,-0.7394677397339497,-0.9351211155277065,-0.7024708731963292,-0.7284876464140515,nan,nan
S004_CSL_hello_0019,S004,CSL_hello,dominant_either,32,0.5746527777777778,1.0,0.28125,0.625,0.0,right,0.625,8,8,0.8487172422834871,0.709950751395481,0.26348329984106295,0.3315506001971561,0.8349720268017228,-0.7136464694257478,-0.7250319067972594,-0.9818325043345886,-0.016989622991464063,nan,nan
S004_CSL_hello_0020,S004,CSL_hello,dominant_either,30,0.5333333333333333,1.0,0.1,0.7,0.0,right,0.7,5,5,0.4077401720277555,0.3390891841683368,0.06689428668254888,0.12666275120786463,0.6155981686234353,-0.805794501232773,-0.5294904742834914,-0.901036736836428,-0.18496212612836924,nan,nan
S004_CSL_what_0001,S004,CSL_what,both_hands,30,0.8314814814814815,1.0,0.8666666666666667,0.7,0.6,both,0.6,4,4,0.38504597696003595,0.4559898119331066,0.11838124353097143,0.07974940772552558,0.6306520946934873,-0.009825112877221542,0.08414739774419201,-0.08843998378440177,-0.006060595724376262,1.4759711262535584,1.0860766313006212
S004_CSL_what_0002,S004,CSL_what,both_hands,30,0.9092592592592592,1.0,0.9,0.8666666666666667,0.7666666666666667,both,0.7666666666666667,4,4,0.35036836632361035,0.2696682063787566,0.05972539556115115,0.1455761023201803,0.2151719573714912,0.0543378259827611,-0.045932320558286915,-0.06000622163075453,-0.16506200925478398,1.0961805217720262,0.5819485444612498
S004_CSL_what_0003,S004,CSL_what,both_hands,30,0.8703703703703703,1.0,1.0,0.6666666666666666,0.6666666666666666,both,0.6666666666666666,8,2,0.4678473628346866,0.40607420262722976,0.10290390505216329,0.08434481751266265,0.3500347924396654,0.009138957289348437,-0.06462736141318125,-0.06406075024521898,-0.04637656941117127,1.082233158765165,0.44447339281002685
S004_CSL_what_0004,S004,CSL_what,both_hands,31,0.9121863799283154,1.0,0.8387096774193549,0.9354838709677419,0.8064516129032258,both,0.8064516129032258,3,3,0.47278387843819464,0.3592308782705522,0.06944094876840085,0.10221687949923561,0.28821338206856256,-0.01794256709869682,-0.16447454987854238,-0.05947488457947936,-0.08884359281369744,1.1674289955979424,0.6965039486533149
S004_CSL_what_0005,S004,CSL_what,both_hands,31,0.8620071684587813,1.0,0.8064516129032258,0.8387096774193549,0.8064516129032258,both,0.8064516129032258,6,6,0.4836605090851619,0.32577988020731835,0.06711592534975805,0.17198524364869747,0.4295559928859361,0.10937638379187639,-0.14349364200161188,-0.0485727903776364,0.002656144030718073,1.3035780229229608,0.9469101926959307
S004_CSL_what_0006,S004,CSL_what,both_hands,30,0.8444444444444444,1.0,0.8333333333333334,0.7666666666666667,0.7,both,0.7,9,9,0.20052723602828887,0.16101103802408734,0.023827003950068378,0.1306251688651237,0.5615524792041063,0.04689295189038656,-0.0361143591624211,-0.08169330776290368,0.4979309538894421,1.6615968868272137,1.0896349584289053
S004_CSL_what_0007,S004,CSL_what,both_hands,31,0.8745519713261649,1.0,0.7096774193548387,0.967741935483871,0.6774193548387096,both,0.6774193548387096,8,1,0.5560073722982954,0.469070662868841,0.09063473130551955,0.08879294159908918,0.2909246032900401,-0.0017257203164220414,-0.38388531049632835,-0.0753597757994105,-0.24789918627808,1.0897722229638984,0.7857116163031049
S004_CSL_what_0008,S004,CSL_what,both_hands,31,0.9372759856630825,1.0,1.0,0.8387096774193549,0.8387096774193549,both,0.8387096774193549,2,2,0.6586701600892995,0.4463455143569698,0.12340499780079181,0.08976252743284557,0.5046978120307339,-0.015491455721965891,-0.3622261548417222,-0.0916980257059915,-0.24678777332283383,1.3675120611352378,1.0501319507034772
S004_CSL_what_0009,S004,CSL_what,both_hands,31,0.9247311827956989,1.0,0.9032258064516129,0.9032258064516129,0.8064516129032258,both,0.8064516129032258,2,2,0.45523096257657286,0.3498882691547645,0.08359298578149293,0.07578136974675082,0.37992604634903404,-0.007196205921712495,-0.25452413584315153,-0.0778219598512922,-0.2784855226180263,1.2547114454177333,1.0191663099591586
S004_CSL_what_0010,S004,CSL_what,both_hands,31,0.899641577060932,1.0,0.967741935483871,0.7741935483870968,0.7419354838709677,both,0.7419354838709677,7,1,0.7396543007108094,0.5317608241937766,0.07998678563221835,0.055752357177180495,0.5499573067192112,-0.002568260838735986,-0.0878515968239793,-0.03993366065329823,0.2968860449908932,1.358771594320141,0.848189954205493
S004_CSL_what_0011,S004,CSL_what,both_hands,31,0.8745519713261649,1.0,0.8387096774193549,0.8387096774193549,0.6774193548387096,both,0.6774193548387096,4,4,0.5321355915301251,0.5162234814729676,0.11611212040212951,0.06813277743236934,0.47914696433626736,0.0271704139450899,-0.06147153130501175,-0.029885121186535968,0.07445735688300104,1.0906780916805747,0.7896112997890319
S004_CSL_what_0012,S004,CSL_what,both_hands,30,0.9351851851851852,1.0,0.9,0.9333333333333333,0.8333333333333334,both,0.8333333333333334,2,2,0.6824200656585225,0.4925248165867585,0.08126132859305155,0.05858519913277374,0.6018278602261711,0.01597207995592062,-0.04610230789315153,-0.02032247455389874,0.28622554291194663,1.0817226874293076,0.7064019252527315
S004_CSL_what_0013,S004,CSL_what,both_hands,31,0.9498207885304659,1.0,0.9354838709677419,0.9354838709677419,0.8709677419354839,both,0.8709677419354839,2,2,0.7399403585696854,0.46011266617621827,0.0857691497085624,0.09046239144179977,0.5930611570299509,-0.021338962026199726,0.00826779226228105,-0.057352881372314535,0.3335864479005042,1.1956367547278342,0.669592871132798
S004_CSL_what_0015,S004,CSL_what,both_hands,30,0.9740740740740741,1.0,0.9333333333333333,1.0,0.9333333333333333,both,0.9333333333333333,2,2,0.7698208176801825,0.46143185176898,0.09282348704755196,0.13917326188584184,0.6076978403893744,-0.04668694477272081,0.18247052681374581,-0.13483587233326766,0.5805823838698229,1.2760845727366326,0.7163781187698653
S004_CSL_what_0016,S004,CSL_what,both_hands,30,0.9740740740740741,1.0,1.0,0.9333333333333333,0.9333333333333333,both,0.9333333333333333,2,2,0.7414452510633778,0.4249940877359295,0.0680987610450531,0.049282112319193716,0.6604174697953386,-0.029369522502478235,0.20262217070086172,-0.029812476486940076,0.6738977103313651,1.3270482941775388,0.902384735679366
S004_CSL_what_0017,S004,CSL_what,both_hands,31,1.0,1.0,1.0,1.0,1.0,both,1.0,0,0,1.0230881651327381,0.5203358730033758,0.1398717636716153,0.0462024828576901,0.7178926451350678,-0.005070627725462379,0.20852156138491135,0.011857155382777596,0.7705388429587181,1.0973053590321828,1.065044323018871
S004_CSL_what_0018,S004,CSL_what,both_hands,31,0.9874551971326165,1.0,0.967741935483871,1.0,0.967741935483871,both,0.967741935483871,1,1,0.7978503743810432,0.4347302652027326,0.09929458385948418,0.06453503747539896,0.42904317472155895,-0.007166181421128626,0.02369625965645377,-0.043401093727400086,0.3618076147348584,1.3387021702062516,0.6642651592014448
S004_CSL_what_0019,S004,CSL_what,both_hands,30,0.8444444444444444,1.0,0.8666666666666667,0.7333333333333333,0.6,both,0.6,4,4,0.211899545661722,0.2304365644261441,0.04600310175777366,0.0680664807867511,0.46147886074857103,-0.010880988789197549,0.10212597804939078,-0.023322298537607367,0.5467485268381018,1.220128031612428,0.8680120010221699
S004_CSL_what_0020,S004,CSL_what,both_hands,30,0.8703703703703703,1.0,0.7666666666666667,0.9,0.7333333333333333,both,0.7333333333333333,8,8,0.5169408397976828,0.39052773076255975,0.11061702737249944,0.0795154742457187,0.5927114913463833,-0.011860972280185261,0.17367793712188756,-0.028718587841270016,0.6432134493013443,1.263085885925109,0.9218509675993999
S004_CSL_what_0014,S004,CSL_what,both_hands,30,0.8574074074074074,1.0,0.9333333333333333,0.7,0.6333333333333333,both,0.6333333333333333,4,2,0.3207283604848627,0.37330454919710143,0.043694702472282354,0.1181740301002756,0.3990402405047666,-0.045919943837782584,0.011096194135180018,-0.1289050933764178,0.2842597492063418,1.2454998230755567,0.6779935165371552
S002_CSL_bye_0006,S002,CSL_bye,dominant_either,31,0.6111111111111112,1.0,0.06451612903225806,0.9354838709677419,0.0,right,0.9354838709677419,2,2,1.5629786578991214,0.8783189197222775,0.15947187668682952,0.09392641731552731,0.40344740631920306,-0.7968202340401943,-1.0593282820318493,-0.7411720187358212,-0.9196840516847447,nan,nan
S002_CSL_bye_0007,S002,CSL_bye,dominant_either,31,0.6111111111111112,1.0,0.06451612903225806,0.9354838709677419,0.0,right,0.9354838709677419,2,2,1.7697984701881182,1.014660355565397,0.2560788401859035,0.10593833734755165,0.4637342893946921,-0.759895504773491,-1.1733754056191328,-0.8425474115206183,-0.9218587122406072,nan,nan
S002_CSL_bye_0008,S002,CSL_bye,dominant_either,31,0.6111111111111112,1.0,0.0,1.0,0.0,right,1.0,0,0,2.5231142410357568,1.2839388756560761,0.20256251457303726,0.07746833820712284,0.5064176148004125,-0.7195763482276772,-1.207416853343331,-0.7483598289413728,-0.7009992385429185,nan,nan
S002_CSL_bye_0009,S002,CSL_bye,dominant_either,31,0.6111111111111112,1.0,0.0,1.0,0.0,right,1.0,0,0,2.701005100490371,1.3811245665964151,0.38681597202461443,0.13514464554879635,0.5654825742252645,-0.7984830001916685,-1.101437803201994,-0.7884751590558584,-0.7898564690882319,nan,nan
S002_CSL_bye_0010,S002,CSL_bye,dominant_either,30,0.6111111111111112,1.0,0.0,1.0,0.0,right,1.0,0,0,1.7605588168924393,0.9289608833036719,0.22987900669888697,0.1133332956456492,0.3969601700177404,-0.7100683037063753,-1.1263930592708782,-0.7148224385523401,-0.9634455793311473,nan,nan
S002_CSL_bye_0011,S002,CSL_bye,dominant_either,30,0.6111111111111112,1.0,0.03333333333333333,0.9666666666666667,0.0,right,0.9666666666666667,1,0,2.1460615068370408,1.1516538101519647,0.19658642160017845,0.11241542455919484,0.5167904141148789,-0.8121457283672232,-0.8970182855795062,-0.7476689848287179,-0.9701318278861528,nan,nan
S002_CSL_bye_0012,S002,CSL_bye,dominant_either,31,0.6111111111111112,1.0,0.0,1.0,0.0,right,1.0,0,0,3.3880433844406537,1.698733473728249,0.2876031016502898,0.0921893783493325,0.5525067404028311,-0.8654543382172393,-1.090626548125779,-0.9435956196960701,-0.7901746424083272,nan,nan
S002_CSL_bye_0013,S002,CSL_bye,dominant_either,31,0.6111111111111112,1.0,0.0,1.0,0.0,right,1.0,0,0,4.674699352721052,2.345647061229133,0.37576575569302917,0.09177448585224668,0.738259775513745,-0.8313822684890064,-1.1337106322963661,-0.8944058370920648,-1.0521913184030731,nan,nan
S002_CSL_bye_0014,S002,CSL_bye,dominant_either,31,0.6111111111111112,1.0,0.0,1.0,0.0,right,1.0,0,0,3.4988233766917833,1.7690592696619627,0.3978421075304071,0.10590587763758619,0.6081991039604603,-0.7920263939102616,-1.115719150895056,-0.8780584463020376,-0.8205009409716666,nan,nan
S002_CSL_bye_0015,S002,CSL_bye,dominant_either,31,0.6111111111111112,1.0,0.0,1.0,0.0,right,1.0,0,0,3.5055642697528944,1.7580863012336432,0.3479065454562101,0.09370108666095645,0.5215221408156858,-0.7487604264817767,-1.2265982921048877,-0.6899341438271597,-0.7050761512892019,nan,nan
S002_CSL_bye_0016,S002,CSL_bye,dominant_either,30,0.6111111111111112,1.0,0.0,1.0,0.0,right,1.0,0,0,3.2238171346035194,1.72243871758563,0.3228188708387562,0.09373694421124579,0.6887504682336226,-0.7417632818726202,-1.2471225197171747,-0.79291266593976,-0.5583720514835521,nan,nan
S002_CSL_bye_0017,S002,CSL_bye,dominant_either,30,0.6111111111111112,1.0,0.0,1.0,0.0,right,1.0,0,0,3.3401425871075814,1.7448734137187107,0.3411522506974809,0.08548975620377752,0.6310974942392558,-0.7726852527683991,-1.2981098269425286,-0.7788410829466179,-1.09487992459531,nan,nan
S002_CSL_bye_0018,S002,CSL_bye,dominant_either,29,0.6111111111111112,1.0,0.0,1.0,0.0,right,1.0,0,0,3.399532732752281,1.7835141822189562,0.35631011629884507,0.05654961786091517,0.6815357083875087,-0.7634282238358054,-1.1472180057734822,-0.7707897724605227,-0.5069729779054086,nan,nan
S002_CSL_bye_0019,S002,CSL_bye,dominant_either,32,0.6111111111111112,1.0,0.0,1.0,0.0,right,1.0,0,0,3.3695767605818334,1.6163653285066855,0.30121108947821423,0.09424508710874346,0.5532712820205716,-0.6578583604157685,-1.3136257556005226,-0.7154310379781124,-1.0775729203121032,nan,nan
S002_CSL_bye_0020,S002,CSL_bye,dominant_either,30,0.6111111111111112,1.0,0.0,1.0,0.0,right,1.0,0,0,3.3349830460738827,1.7262722363496972,0.338025798299004,0.16408786548990761,0.6960231046878289,-0.7383501609535531,-1.4260798915763262,-0.87648730806588,-1.3287617370971991,nan,nan
S002_CSL_hello_0006,S002,CSL_hello,dominant_either,31,0.5483870967741935,1.0,0.03225806451612903,0.8064516129032258,0.0,right,0.8064516129032258,4,4,1.0617373904003349,0.7023290782331171,0.27567389475423537,0.08802889039439132,1.3351811627391748,-0.5098445622970431,-0.5269147558886518,-0.5391691770256009,0.5758790020593048,nan,nan
S002_CSL_hello_0007,S002,CSL_hello,dominant_either,30,0.5333333333333333,1.0,0.03333333333333333,0.7666666666666667,0.0,right,0.7666666666666667,3,3,1.2144192717521038,0.998711909933037,0.20457685587628494,0.17193111413914552,1.4247943941108665,-0.46887387960152227,-0.9091296524820012,-0.609191671479821,0.4529296471179675,nan,nan
S002_CSL_hello_0008,S002,CSL_hello,dominant_either,31,0.5483870967741935,1.0,0.12903225806451613,0.7096774193548387,0.0,right,0.7096774193548387,4,4,0.6686268553187523,0.5405215685171791,0.13154160828361866,0.08859024006552624,1.4812116678064502,-0.5104752971528524,-0.8213734411756648,-0.5126587236643888,0.4904586240058952,nan,nan
S002_CSL_hello_0009,S002,CSL_hello,dominant_either,31,0.5734767025089605,1.0,0.03225806451612903,0.8709677419354839,0.0,right,0.8709677419354839,2,2,1.6384910717042225,1.0242207159379637,0.24817852048581257,0.13249957415257285,1.0507302168895,-0.6163866785839527,-0.4919956760618258,-0.6834157325777303,0.26166710200508947,nan,nan
S002_CSL_hello_0010,S002,CSL_hello,dominant_either,31,0.5483870967741935,1.0,0.16129032258064516,0.6774193548387096,0.0,right,0.6774193548387096,4,4,0.8277830099100462,0.7164366029461247,0.19013736674623963,0.17579150744461935,1.1476339609015551,-0.5589131922245711,-0.6285683632680621,-0.6791359968550656,0.18337803752875864,nan,nan
S002_CSL_hello_0011,S002,CSL_hello,dominant_either,31,0.5985663082437276,1.0,0.03225806451612903,0.9354838709677419,0.0,right,0.9354838709677419,2,2,2.527082817710991,1.4082982238226498,0.38183470339742664,0.2432828002112064,1.204414779060318,-0.579828045122317,-0.5502050692329808,-0.8060070135083812,0.46229213872841857,nan,nan
S002_CSL_hello_0012,S002,CSL_hello,dominant_either,31,0.5985663082437276,1.0,0.16129032258064516,0.8064516129032258,0.06451612903225806,right,0.8064516129032258,4,4,1.2611857251153467,0.8774632577160592,0.2214191567742,0.29128084042873925,1.0311508684454798,-0.6224923834850553,-0.7044431761943037,-0.9034771846586216,0.046320763050165095,nan,nan
S002_CSL_hello_0013,S002,CSL_hello,dominant_either,31,0.5734767025089605,1.0,0.06451612903225806,0.8387096774193549,0.03225806451612903,right,0.8387096774193549,3,3,1.368275601331466,0.9332158250040279,0.3027309613011931,0.2345295862005623,1.1653582058051661,-0.6451173257645232,-0.6863868675124527,-0.7900487280225993,-0.1363380096828275,nan,nan
S002_CSL_hello_0014,S002,CSL_hello,dominant_either,30,0.5722222222222222,1.0,0.0,0.9,0.0,right,0.9,2,2,1.0135232397223013,0.6415238053411019,0.1995738382603862,0.14216750042640214,1.1705653568472731,-0.37436770010897746,-0.08653484178326636,-0.5093882507218679,0.12974512301212615,nan,nan
S002_CSL_hello_0015,S002,CSL_hello,dominant_either,30,0.6111111111111112,1.0,0.03333333333333333,0.9666666666666667,0.0,right,0.9666666666666667,1,1,1.6124355987268237,0.9184270407323774,0.21231018302951735,0.10282968371160511,0.7930847541868126,-0.4126687711687607,-0.46666115943203,-0.4986481632398642,0.012637854370702266,nan,nan
S002_CSL_hello_0016,S002,CSL_hello,dominant_either,30,0.6111111111111112,1.0,0.0,1.0,0.0,right,1.0,0,0,1.7345290810361922,0.9237287175661654,0.41927660925707455,0.14389532913335967,0.9352428756930091,-0.4900828091742275,-0.5720948250763153,-0.550274122000163,0.27050900359286134,nan,nan
S002_CSL_hello_0017,S002,CSL_hello,dominant_either,30,0.5981481481481481,1.0,0.0,0.9666666666666667,0.0,right,0.9666666666666667,1,1,1.6891129682241253,0.9227892602224445,0.30007831114465816,0.166312593446037,0.8661835903150014,-0.465128514146617,-0.5142232241396912,-0.538016316952392,0.25507791678711594,nan,nan
S002_CSL_hello_0018,S002,CSL_hello,dominant_either,29,0.5842911877394636,1.0,0.06896551724137931,0.8620689655172413,0.0,right,0.8620689655172413,3,1,1.2766450654523682,0.7945899756108284,0.16967597072359952,0.24816864627305546,0.84375052609241,-0.6643594494968891,-0.18611341843581794,-0.5560881724461302,0.2710011404133474,nan,nan
S002_CSL_hello_0019,S002,CSL_hello,dominant_either,31,0.6111111111111112,1.0,0.0,1.0,0.0,right,1.0,0,0,2.500911393598512,1.2428225396811412,0.2923123613385419,0.13600656526160637,1.1265684472432718,-0.47229918334195975,-0.7642606686235303,-0.5633291349881959,0.28973171241987417,nan,nan
S002_CSL_hello_0020,S002,CSL_hello,dominant_either,30,0.5722222222222222,1.0,0.03333333333333333,0.8666666666666667,0.0,right,0.8666666666666667,4,4,1.1585701439318536,0.7384092381915716,0.19052402611032324,0.15316177830990652,1.1137696210078787,-0.49074592971947695,-0.6198061410537379,-0.6119895296428285,0.47025370817657297,nan,nan
S002_CSL_what_0006,S002,CSL_what,both_hands,27,0.8415637860082305,1.0,0.8148148148148148,0.7777777777777778,0.7777777777777778,both,0.7777777777777778,6,6,2.130651350646335,1.3514048683277455,0.4877309354065469,0.28274390205243427,0.9812809010097003,-0.03026159441138876,0.47844423397568026,-0.17972485882632444,1.356010465538624,1.3495423818951815,1.5840699775336984
S002_CSL_what_0007,S002,CSL_what,both_hands,30,0.7537037037037037,1.0,0.6333333333333333,0.7333333333333333,0.6333333333333333,both,0.6333333333333333,10,10,0.8438297994579566,0.7865286495786227,0.20496634989543666,0.07369428525405325,1.1601959993827677,-0.0034576828287361527,0.33564459625300636,-0.0147270179667911,1.2705736611685488,1.304156665407812,1.763336992993223
S002_CSL_what_0008,S002,CSL_what,both_hands,30,0.8185185185185185,1.0,0.7666666666666667,0.7666666666666667,0.7,both,0.7,9,9,1.6289553561816874,1.3065502300508283,0.34421867557195,0.14297273164090285,0.8266374540543127,0.03903867119465268,0.39462510714366106,-0.08181750253644593,1.1373573662533927,1.608264952956265,1.5172407770367546
S002_CSL_what_0009,S002,CSL_what,both_hands,29,0.8256704980842912,1.0,0.7586206896551724,0.7931034482758621,0.6896551724137931,both,0.6896551724137931,7,7,1.0648977163319413,0.9903752015340423,0.2062331584319506,0.17942222636108343,1.1128979361332747,0.0329563309033174,0.707440033494062,-0.05014062522542162,1.260163042740777,1.5254256405413187,1.3360317664756423
S002_CSL_what_0010,S002,CSL_what,both_hands,31,0.899641577060932,1.0,0.8387096774193549,0.9032258064516129,0.8064516129032258,both,0.8064516129032258,5,5,1.0641707682843145,0.7149270921986971,0.16578866306681794,0.4812905113113448,1.016504769583145,0.00694780839900247,0.5420219249629743,-0.03546978325252914,1.194415013325957,1.5175006688892863,2.1480433705589794
S002_CSL_what_0011,S002,CSL_what,both_hands,31,0.8620071684587813,1.0,0.7741935483870968,0.8709677419354839,0.7741935483870968,both,0.7741935483870968,4,4,1.0951088908244244,0.7752187318051013,0.15566412945436395,0.14541754396625872,1.2072294055465407,0.03777777798975801,0.5109276038699475,-0.02780979056270272,1.1021584609493456,1.4863342383534615,1.478038869311983
S002_CSL_what_0012,S002,CSL_what,both_hands,31,0.8745519713261649,1.0,0.9032258064516129,0.7741935483870968,0.7741935483870968,both,0.7741935483870968,7,7,0.84454441382841,0.570047064896626,0.1427003398081564,0.13034017804513381,0.9153942690449963,0.07227515979273544,0.4286011441714559,-0.025401019800424973,1.1843080749716224,1.5351239286553493,1.48599157303312
S002_CSL_what_0013,S002,CSL_what,both_hands,30,0.7666666666666667,1.0,0.6666666666666666,0.7333333333333333,0.6666666666666666,both,0.6666666666666666,10,10,0.4833776345804406,0.4006370961885219,0.09624713158726231,0.20367978610130133,0.30687459852951793,0.10801746785768243,0.5874692034235794,-0.07139633507772614,0.7947186071072785,1.3716021711992818,1.390276167032086
S002_CSL_what_0014,S002,CSL_what,both_hands,30,0.8833333333333333,1.0,0.8666666666666667,0.8333333333333334,0.8,both,0.8,4,4,1.1051065713040589,0.8171017957451033,0.23971999074962555,0.1281413746828246,1.4516775721670125,-0.004732682048117359,0.5340980840112921,-0.014906671030640917,1.7757205407732193,1.3843662555778948,1.4888323318754488
S002_CSL_what_0015,S002,CSL_what,both_hands,32,0.8420138888888888,1.0,0.78125,0.8125,0.78125,both,0.78125,7,7,1.0545373860269542,0.6703549508637593,0.2047210283018176,0.1945051878569482,0.5584820210483596,0.09438608472769208,0.5281412853294709,0.012046130489334061,0.9578421263949621,1.536098731468041,1.1212873590090808
S002_CSL_what_0016,S002,CSL_what,both_hands,30,0.8574074074074074,1.0,0.8,0.8333333333333334,0.7666666666666667,both,0.7666666666666667,7,7,1.4720885729129607,1.0297585352146166,0.2001017611790472,0.08337175152494303,1.076388838762385,0.040569334607926694,0.47348574365171986,0.05144166086117752,1.1453729325844182,1.6419590345670962,1.5583771905351247
S002_CSL_what_0017,S002,CSL_what,both_hands,30,0.8833333333333333,1.0,0.8333333333333334,0.8666666666666667,0.7,both,0.7,9,9,0.6739559388333549,0.5181392727169112,0.09442679214168337,0.052482507049738975,0.7642548297166412,0.04201221435310104,0.4772711727948258,0.021827865028032578,1.1268012699333703,1.4989116092809915,1.5732616018148426
S002_CSL_what_0018,S002,CSL_what,both_hands,31,0.9247311827956989,1.0,0.9032258064516129,0.9032258064516129,0.8709677419354839,both,0.8709677419354839,4,4,1.6120680624916182,0.9634067284110728,0.3334821886316993,0.12064908328337229,0.9585207394186759,0.01746792092162608,0.5350232603147818,-0.026808442950012168,1.197522665583413,1.3048601124916501,1.390540680137169
S002_CSL_what_0019,S002,CSL_what,both_hands,31,0.9121863799283154,1.0,0.8387096774193549,0.9354838709677419,0.8064516129032258,both,0.8064516129032258,6,6,0.8760746933551815,0.5765875937804561,0.15733353652698254,0.1389715615709874,0.5378236556482394,0.09460912301836599,1.0377081817234919,-0.01316430095648935,1.1167633652354887,1.6518007809508688,0.7369156009451339
S002_CSL_what_0020,S002,CSL_what,both_hands,31,0.8369175627240143,1.0,0.8064516129032258,0.7741935483870968,0.7419354838709677,both,0.7419354838709677,8,8,1.1198053080055501,0.8213516306026786,0.1601026894661117,0.044618341674191514,0.5848473780555458,0.0576274473957398,0.7132515623060761,0.07625647776309441,1.2187816483821066,1.6556172796553021,1.8187749514684564
S001_CSL_bye_0006,S001,CSL_bye,dominant_either,31,0.6111111111111112,1.0,0.0,1.0,0.0,right,1.0,0,0,1.3617582303342686,0.7142881058019857,0.2692127708857304,0.031732458705974076,0.3534930293818943,-0.5183063366353226,-0.9674676155488628,-0.5294931669144299,-1.0384320192798113,nan,nan
S001_CSL_bye_0007,S001,CSL_bye,dominant_either,29,0.6111111111111112,1.0,0.0,1.0,0.0,right,1.0,0,0,1.3763904087797376,0.672786885560042,0.2662579904853628,0.0882985319169402,0.39572973979072756,-0.48859266041765975,-0.9882695927228524,-0.5693650045782394,-1.008642162866164,nan,nan
S001_CSL_bye_0008,S001,CSL_bye,dominant_either,30,0.6111111111111112,1.0,0.0,1.0,0.0,right,1.0,0,0,1.0989144488550924,0.5689782717055155,0.21769013331151327,0.03694852590833597,0.30370148719224,-0.5446193777460052,-0.9294976551550408,-0.5115084035683539,-0.9362701743117461,nan,nan
S001_CSL_bye_0009,S001,CSL_bye,dominant_either,30,0.6111111111111112,1.0,0.0,1.0,0.0,right,1.0,0,0,1.5231635795344651,0.8118540839050713,0.24380027377321506,0.09726106842973009,0.4348340955284462,-0.5075682084421858,-0.9309759652412628,-0.5141149112899983,-0.93990972616106,nan,nan
S001_CSL_bye_0010,S001,CSL_bye,dominant_either,31,0.6111111111111112,1.0,0.0,1.0,0.0,right,1.0,0,0,1.244786849006245,0.6226614618024965,0.16534307573593754,0.05354500779391591,0.3643717958391326,-0.5167676893921286,-0.8924942574152307,-0.5483031855207022,-0.9992917662903229,nan,nan
S001_CSL_bye_0011,S001,CSL_bye,dominant_either,30,0.6111111111111112,1.0,0.1,0.9,0.0,right,0.9,3,3,0.9033382476250569,0.5552843756053818,0.25365970190331677,0.04055914833651286,0.3826374954436458,-0.5616025617161297,-0.9220378353071669,-0.5741380473297986,-0.9207582582516297,nan,nan
S001_CSL_bye_0012,S001,CSL_bye,dominant_either,29,0.6111111111111112,1.0,0.0,1.0,0.0,right,1.0,0,0,1.141710147917325,0.5986859634815817,0.18905012110431552,0.051121091470862634,0.29713576256904095,-0.5585546516608598,-0.8705504526944132,-0.6096757431317225,-0.8814524952796136,nan,nan
S001_CSL_bye_0013,S001,CSL_bye,dominant_either,31,0.6111111111111112,1.0,0.03225806451612903,0.967741935483871,0.0,right,0.967741935483871,1,1,1.2454836618600076,0.6789209074984014,0.1574908119685165,0.06013176568181944,0.40132657505764646,-0.608747687449153,-0.9050531394257942,-0.6128109055142674,-0.8787405106672728,nan,nan
S001_CSL_bye_0014,S001,CSL_bye,dominant_either,31,0.6111111111111112,1.0,0.22580645161290322,0.7741935483870968,0.0,right,0.7741935483870968,4,4,0.22851410328531813,0.17125614979344006,0.03472383344140467,0.0786840475220929,0.15059914300176447,-0.5827748477361518,-0.9463301296270814,-0.564351985404204,-0.9661120916111523,nan,nan
S001_CSL_bye_0015,S001,CSL_bye,dominant_either,30,0.6111111111111112,1.0,0.06666666666666667,0.9333333333333333,0.0,right,0.9333333333333333,2,2,1.7797100580729965,1.0718787069121,0.310824706181404,0.14413347962840295,0.5242590320496114,-0.6518287833831073,-0.9454495112228666,-0.6143178843346689,-0.8795903814836333,nan,nan
S001_CSL_bye_0016,S001,CSL_bye,dominant_either,31,0.6111111111111112,1.0,0.03225806451612903,0.967741935483871,0.0,right,0.967741935483871,1,1,1.1607438145989104,0.6136381282692308,0.2035779618912629,0.11390339217482859,0.356326294680432,-0.5562017363853684,-0.9826144021795872,-0.6262731947859189,-1.0093256769704981,nan,nan
S001_CSL_bye_0017,S001,CSL_bye,dominant_either,31,0.6111111111111112,1.0,0.0,1.0,0.0,right,1.0,0,0,1.5386241835064034,0.7828171059905775,0.2503233667804046,0.09818479446427986,0.34380445594841325,-0.6188874505742087,-0.8208285924878406,-0.5960064152955837,-0.7631938464295813,nan,nan
S001_CSL_bye_0018,S001,CSL_bye,dominant_either,31,0.6111111111111112,1.0,0.0,1.0,0.0,right,1.0,0,0,0.99792275471104,0.5089496999379461,0.22080479558090538,0.046164793635961376,0.24336215403870065,-0.5775811523654957,-0.9731733324901322,-0.5784832905099785,-1.0109170776265937,nan,nan
S001_CSL_bye_0019,S001,CSL_bye,dominant_either,31,0.6111111111111112,1.0,0.0,1.0,0.0,right,1.0,0,0,0.7898229036313621,0.40942434197820976,0.19547701267859163,0.03541893665590001,0.22469876292530566,-0.6100848222455914,-0.9527369912379513,-0.6019499099938556,-0.934051879173377,nan,nan
S001_CSL_bye_0020,S001,CSL_bye,dominant_either,31,0.6111111111111112,1.0,0.03225806451612903,0.967741935483871,0.0,right,0.967741935483871,1,1,0.5003012746449368,0.2817918964593818,0.09197185908467473,0.05072552758159177,0.22063249268592944,-0.5992010347030506,-0.842866027005052,-0.6335761313752241,-0.8430277073540425,nan,nan
S001_CSL_hello_0006,S001,CSL_hello,dominant_either,31,0.6111111111111112,1.0,0.0967741935483871,0.9032258064516129,0.0,right,0.9032258064516129,3,3,1.8277586095144127,1.0518826804173378,0.19799227078000217,0.1957966904567299,0.5545379019486929,-0.38276393171061907,0.09745395949667872,-0.3740243776373026,0.026308344435407176,nan,nan
S001_CSL_hello_0007,S001,CSL_hello,dominant_either,30,0.6111111111111112,1.0,0.03333333333333333,0.9666666666666667,0.0,right,0.9666666666666667,1,1,2.2843329911666217,1.3012510778363005,0.18890151327625535,0.2620069286455329,0.5643483894364538,-0.31621630952169477,0.22080945955876063,-0.22965082240946405,-0.07152905049995383,nan,nan
S001_CSL_hello_0008,S001,CSL_hello,dominant_either,31,0.6111111111111112,1.0,0.0,1.0,0.0,right,1.0,0,0,2.284849019758682,1.1557268433613002,0.23857804146377315,0.18063505972828817,0.541623740156582,-0.25404733560059284,0.08203823596056348,-0.26520702966280335,0.15606170986347992,nan,nan
S001_CSL_hello_0009,S001,CSL_hello,dominant_either,30,0.6240740740740741,1.0,0.06666666666666667,0.9666666666666667,0.03333333333333333,right,0.9666666666666667,1,1,2.4118441959097976,1.3692844417152037,0.21916373348499277,0.14721705986503233,0.7150093468978735,-0.26965664245025495,0.2250083858182444,-0.31252073133083974,0.028680972064960827,nan,nan
S001_CSL_hello_0010,S001,CSL_hello,dominant_either,31,0.6236559139784946,1.0,0.03225806451612903,1.0,0.03225806451612903,right,1.0,0,0,2.4222402268826175,1.2196979481237484,0.19439257810637525,0.12017446741652849,0.6298067717256615,-0.2354517181628481,0.17347045871696262,-0.2865605889431085,0.13519471815692066,nan,nan
S001_CSL_hello_0011,S001,CSL_hello,dominant_either,31,0.6111111111111112,1.0,0.0,1.0,0.0,right,1.0,0,0,2.008773967355192,1.014942265029519,0.19194441982320465,0.15901396329109216,0.4937892729416229,-0.28959173565906055,-0.20034216458887563,-0.28103206634333855,0.04509826228524615,nan,nan
S001_CSL_hello_0012,S001,CSL_hello,dominant_either,31,0.6236559139784946,1.0,0.03225806451612903,1.0,0.03225806451612903,right,1.0,0,0,1.9895721504696393,0.9870897530387112,0.1507948172426579,0.16731182273750916,0.4337639661465999,-0.27287721422596734,0.08841403339169888,-0.3623349399908626,0.05086006446390846,nan,nan
S001_CSL_hello_0013,S001,CSL_hello,dominant_either,30,0.6111111111111112,1.0,0.0,1.0,0.0,right,1.0,0,0,2.509131143414,1.3047057157020128,0.2145698907221065,0.11377486327415542,0.5932586253704959,-0.25689984170301805,0.21710034926304206,-0.2584511500874026,-0.145240627297752,nan,nan
S001_CSL_hello_0014,S001,CSL_hello,dominant_either,32,0.5868055555555556,1.0,0.03125,0.90625,0.0,right,0.90625,2,2,1.6296809007554178,0.9684663843226965,0.24962472217118947,0.26373522099633484,1.0169204833993637,-0.38422222491361196,0.21202511963036685,-0.3424610691082119,0.014229020036246931,nan,nan
S001_CSL_hello_0015,S001,CSL_hello,dominant_either,30,0.6111111111111112,1.0,0.0,1.0,0.0,right,1.0,0,0,2.0630952627488797,1.069102788880414,0.1781663408233964,0.20474939682567822,0.5811068870328004,-0.3452396778152648,0.1325287199458243,-0.4027320574137524,-0.19570403704768824,nan,nan
S001_CSL_hello_0016,S001,CSL_hello,dominant_either,31,0.6111111111111112,1.0,0.12903225806451613,0.8709677419354839,0.03225806451612903,right,0.8709677419354839,3,3,2.0756813969531827,1.2853373756990685,0.25314543649334903,0.15173692704588593,1.003648292870909,-0.4172588662687954,-0.2843495958628881,-0.42009361322094885,0.09472330324358491,nan,nan
S001_CSL_hello_0017,S001,CSL_hello,dominant_either,29,0.5977011494252874,1.0,0.034482758620689655,0.9310344827586207,0.0,right,0.9310344827586207,1,1,2.510491462725897,1.4613766872998195,0.24886653278780949,0.1460378912786087,0.767913995966585,-0.27772834930600127,0.29626357851141616,-0.2389883723676889,-0.1186573365214884,nan,nan
S001_CSL_hello_0018,S001,CSL_hello,dominant_either,31,0.6111111111111112,1.0,0.0,1.0,0.0,right,1.0,0,0,2.776519759458443,1.4077834037666495,0.2625152111487336,0.21430564221422507,0.7962907828802853,-0.2638011708338,0.16422086037405736,-0.3388337387463863,0.28027715052189067,nan,nan
S001_CSL_hello_0019,S001,CSL_hello,dominant_either,31,0.6111111111111112,1.0,0.0,1.0,0.0,right,1.0,0,0,2.3679193279221926,1.1853489128180514,0.15789909370902538,0.2913755094046565,0.6943451327462024,-0.24575875882632442,0.010705030169468176,-0.3651267756912001,-0.02017236082343995,nan,nan
S001_CSL_hello_0020,S001,CSL_hello,dominant_either,32,0.6111111111111112,1.0,0.0,1.0,0.0,right,1.0,0,0,2.4563487726706215,1.1945687241255012,0.16827204317651165,0.23677977924244598,0.668697819166775,-0.25042455547634135,0.15325633778480202,-0.3059709697850631,-0.056318454465987114,nan,nan
S001_CSL_what_0006,S001,CSL_what,both_hands,31,0.9372759856630825,1.0,0.967741935483871,0.8709677419354839,0.8387096774193549,both,0.8387096774193549,4,4,0.6693221884282894,0.4465187329595591,0.21276302063757246,0.12691794630662953,0.544800986329401,-0.04243791947172626,0.7168444689281019,-0.15054932985643932,1.0549844695406534,1.315729712916788,0.5298743870425449
S001_CSL_what_0007,S001,CSL_what,both_hands,10,0.7666666666666667,1.0,0.5,0.9,0.5,both,0.5,5,5,0.03187277239737898,0.04113715845875625,0.01635210136348872,0.1363659956718617,0.06657518599567536,-0.04057808632360849,0.5695157759170539,-0.16622831160658624,0.5271486754762602,1.1477046575085994,0.08670896558227859
S001_CSL_what_0008,S001,CSL_what,both_hands,30,0.8314814814814815,1.0,0.8333333333333334,0.7333333333333333,0.6333333333333333,both,0.6333333333333333,7,7,0.43049277970525246,0.4505516900048542,0.09976288238761252,0.1212828149884081,0.5363466531793604,-0.05232514008156164,1.359046864033785,0.0010911460846705634,1.3141124290457462,1.0785966257614434,0.2928865445469693
S001_CSL_what_0009,S001,CSL_what,both_hands,30,0.7796296296296297,1.0,0.5333333333333333,0.9,0.4666666666666667,both,0.4666666666666667,10,5,0.6849672671213097,0.9376213767171248,0.16552714820995132,1.4483044368699285,1.9626351436917397,-1.3780464464692277,-0.23458084240175436,0.051702148239943124,1.6471938281991385,1.3265772297843699,2.199559321248062
S001_CSL_what_0010,S001,CSL_what,both_hands,31,0.8494623655913979,1.0,0.8064516129032258,0.8064516129032258,0.6774193548387096,both,0.6774193548387096,5,5,0.48708578254865387,0.4423909137342643,0.08991895595944195,0.09629895931320276,0.35481222139741675,0.005651834839973724,1.221180525596436,0.0444414384289977,1.3125521188677216,1.0006675133530594,0.5444534188740198
S001_CSL_what_0011,S001,CSL_what,both_hands,30,0.8962962962962963,1.0,1.0,0.7333333333333333,0.7333333333333333,both,0.7333333333333333,6,6,0.5744251484965931,0.45525421892000173,0.08446747344343651,0.6433875275345653,0.32679063316472856,-1.255856448057853,-0.06876145842771286,-1.2452491478623893,0.04079483687828067,3.237244230261281,1.1712411172423618
S001_CSL_what_0012,S001,CSL_what,both_hands,30,0.9351851851851852,1.0,1.0,0.8333333333333334,0.8333333333333334,both,0.8333333333333334,2,2,0.6415727325380742,0.4836774970941182,0.13806279375060956,0.725613092187102,0.3594812340292099,-1.2467857478789046,-0.047005581856505385,-1.2345384084824123,-0.024580763509244097,3.186328773943891,1.3132663238343283
S001_CSL_what_0013,S001,CSL_what,both_hands,31,0.8620071684587813,1.0,0.8709677419354839,0.7741935483870968,0.7096774193548387,both,0.7096774193548387,6,6,0.5626335395148838,0.45593664943561546,0.10203438330693032,0.06817667211026524,0.4067754129905279,0.028864447229888873,1.3262581901532773,0.04562312735640722,1.4168655777518682,0.8989298531285804,0.6808069399600091
S001_CSL_what_0014,S001,CSL_what,both_hands,29,0.89272030651341,1.0,0.8620689655172413,0.8620689655172413,0.7586206896551724,both,0.7586206896551724,4,4,0.26490365571707136,0.22539568509433897,0.055306286945496046,0.09458320663421316,0.21128543042417203,0.00986676615779486,1.4191945484523965,0.07621521364412262,1.4906492333301933,0.9547868714005407,0.7078384228736333
S001_CSL_what_0015,S001,CSL_what,both_hands,29,0.8793103448275862,1.0,0.8275862068965517,0.8620689655172413,0.7931034482758621,both,0.7931034482758621,3,3,0.7468240752309543,0.5384327720295372,0.16321975301683558,0.07652866365145661,0.381716960981789,0.005216578055272425,1.6259802810850184,-0.0351907952153335,1.5670700888910312,1.0157619066656927,0.7062744294622526
S001_CSL_what_0016,S001,CSL_what,both_hands,31,0.9247311827956989,1.0,0.967741935483871,0.8387096774193549,0.8387096774193549,both,0.8387096774193549,4,4,0.7604748061367628,0.49000788750699587,0.10378733303554782,1.6206968819131828,1.6622397510728693,-0.04655270111003357,1.4589507736333331,-1.569713248601336,0.027067271119165515,2.5091077294491595,2.8163016447614666
S001_CSL_what_0017,S001,CSL_what,both_hands,31,0.8620071684587813,1.0,0.8387096774193549,0.8064516129032258,0.7419354838709677,both,0.7419354838709677,6,6,0.46694229065897835,0.3457017252949345,0.15407744127011685,0.1425451210153139,0.2585686008726811,0.0238706792677503,1.4718387175192824,0.036871581784003266,1.5050962485439006,0.9905334039705508,1.094587217614601
S001_CSL_what_0018,S001,CSL_what,both_hands,31,0.899641577060932,1.0,1.0,0.7419354838709677,0.7419354838709677,both,0.7419354838709677,4,4,1.0747932415448977,0.8347856243971252,0.1379268396649177,0.7548885819665624,0.4813927368379942,-0.009078249346512746,1.3950365950271495,-0.019738800666308842,1.7802960357309265,0.942801580637048,1.709298263181307
S001_CSL_what_0019,S001,CSL_what,both_hands,30,0.8703703703703703,1.0,0.8,0.8666666666666667,0.7,both,0.7,9,9,1.044372134212184,0.8223455353597878,0.21822718692170412,0.05384620646537072,0.5956902056200284,0.03916545422896267,1.7962362474661298,0.02427556461795896,1.7164159156285685,0.905824962810752,0.2828022006693013
S001_CSL_what_0020,S001,CSL_what,both_hands,30,0.8444444444444444,1.0,0.7333333333333333,0.8666666666666667,0.6666666666666666,both,0.6666666666666666,10,10,0.5995487293817393,0.5001206653132034,0.13325616453973918,0.05833809114683064,0.36827890983183753,-0.019412982101347454,1.3650087709640804,-0.007355984860162562,1.4033961183336816,0.9277736630282414,0.29098682160506895
S005_CSL_bye_0001,S005,CSL_bye,dominant_either,33,0.6111111111111112,1.0,0.0,1.0,0.0,right,1.0,0,0,0.9325243807183853,0.47516451130539816,0.1392614602462014,0.057936642255371984,0.223962649295813,-0.8800130854762964,-0.7447063285216429,-0.826985282492524,-0.7361725950293851,nan,nan
S005_CSL_bye_0002,S005,CSL_bye,dominant_either,34,0.6111111111111112,1.0,0.0,1.0,0.0,right,1.0,0,0,1.2540183226699817,0.599222469659986,0.20694648448809577,0.13056494891230053,0.2749529485762218,-0.9550992463822203,-0.6919757709459837,-1.0307244797158277,-0.5595854666219584,nan,nan
S005_CSL_bye_0003,S005,CSL_bye,dominant_either,34,0.553921568627451,1.0,0.0,0.8529411764705882,0.0,right,0.8529411764705882,5,0,1.1457610421091817,0.6647952652464625,0.16925181134648443,0.2929470398784241,0.2092089768700024,-0.9544183324771988,-0.7432294372104512,-1.2019757843440861,-0.5340204603404488,nan,nan
S005_CSL_bye_0004,S005,CSL_bye,dominant_either,34,0.6111111111111112,1.0,0.0,1.0,0.0,right,1.0,0,0,1.239538625750397,0.5943604017961157,0.16818457642397588,0.10924264345872414,0.2988864175873174,-0.9344924017486841,-0.6726802679639663,-0.8914440896218911,-0.6776378999344482,nan,nan
S005_CSL_bye_0005,S005,CSL_bye,dominant_either,34,0.6111111111111112,1.0,0.0,1.0,0.0,right,1.0,0,0,1.0905321222084183,0.5232859478094479,0.14914817064903546,0.09084041393196296,0.26675993000140913,-0.8621921429392471,-0.7333235360248975,-0.7959716136408771,-0.7144085299502615,nan,nan
S005_CSL_bye_0006,S005,CSL_bye,dominant_either,33,0.6111111111111112,1.0,0.0,1.0,0.0,right,1.0,0,0,0.7742818002475578,0.38597307533072317,0.12706919682113857,0.06533051128812539,0.2140427542613494,-0.9190871330074843,-0.6626064389677514,-0.8613573309230863,-0.6763338696511693,nan,nan
S005_CSL_bye_0007,S005,CSL_bye,dominant_either,33,0.6111111111111112,1.0,0.0,1.0,0.0,right,1.0,0,0,0.9533354316145204,0.47190773443662504,0.10843167976033612,0.08209353120192653,0.23512351170623075,-0.9782675155447331,-0.6557624502250115,-0.9218933963170635,-0.6440928322437015,nan,nan
S005_CSL_bye_0008,S005,CSL_bye,dominant_either,34,0.6111111111111112,1.0,0.0,1.0,0.0,right,1.0,0,0,1.8451395808921074,0.8991509408972204,0.25885715698099293,0.11182063067175352,0.4887183675133573,-0.8532799329747627,-0.7206318260199688,-0.8254776886084426,-0.7167086442010626,nan,nan
S005_CSL_bye_0009,S005,CSL_bye,dominant_either,33,0.6111111111111112,1.0,0.0,1.0,0.0,right,1.0,0,0,1.2468810273543744,0.6200173151670283,0.1866645998184911,0.061711192553303595,0.31083842440524384,-0.8918842843710612,-0.5992227652118085,-0.8806739773216509,-0.5563318100564152,nan,nan
S005_CSL_bye_0010,S005,CSL_bye,dominant_either,33,0.6111111111111112,1.0,0.0,1.0,0.0,right,1.0,0,0,1.4147509962935143,0.7000584701973118,0.25983994104616875,0.10072740094948696,0.3664653286253535,-0.9029340229508763,-0.6278403973679992,-0.8148258297910453,-0.6753395132068793,nan,nan
S005_CSL_bye_0011,S005,CSL_bye,dominant_either,33,0.6111111111111112,1.0,0.0,1.0,0.0,right,1.0,0,0,1.0418844078320855,0.5294920472754705,0.15678020239630724,0.0638444774060446,0.26461962324354454,-0.9015814670889382,-0.5746529867257876,-0.8477161198807811,-0.621003850027312,nan,nan
S005_CSL_bye_0012,S005,CSL_bye,dominant_either,33,0.6111111111111112,1.0,0.0,1.0,0.0,right,1.0,0,0,1.125715557376813,0.5506682298321512,0.14527238066949782,0.05728290662041102,0.29455011916198404,-0.8881276756257674,-0.6974942362857777,-0.8682399268362307,-0.7076180760149754,nan,nan
S005_CSL_bye_0013,S005,CSL_bye,dominant_either,33,0.6111111111111112,1.0,0.0,1.0,0.0,right,1.0,0,0,1.27017523847214,0.6252971659859142,0.20333517717627825,0.06498412343300908,0.3235633094121993,-0.9527831130072645,-0.5650650688093286,-0.8982020751932764,-0.5545043296187968,nan,nan
S005_CSL_bye_0014,S005,CSL_bye,dominant_either,33,0.6111111111111112,1.0,0.0,1.0,0.0,right,1.0,0,0,1.2198473871678548,0.5831930780327534,0.22426641506042727,0.08848626967358253,0.31885675850167716,-0.9085294253224264,-0.6439115644826001,-0.8380075984151043,-0.6249924272779197,nan,nan
S005_CSL_bye_0015,S005,CSL_bye,dominant_either,33,0.6111111111111112,1.0,0.0,1.0,0.0,right,1.0,0,0,1.1050466227671916,0.5518406731650596,0.17627639833112177,0.05027490009189306,0.30903457415987334,-0.8421120166165391,-0.6243568449621192,-0.7978226489331112,-0.6403787170728941,nan,nan
S005_CSL_bye_0016,S005,CSL_bye,dominant_either,32,0.6111111111111112,1.0,0.0,1.0,0.0,right,1.0,0,0,1.0629281599515537,0.5496831773750468,0.20419398473900088,0.08235755260163558,0.29014562467142424,-0.8439511779701903,-0.6171378815699816,-0.8192626194025712,-0.6293187461694023,nan,nan
S005_CSL_bye_0017,S005,CSL_bye,dominant_either,34,0.6111111111111112,1.0,0.0,1.0,0.0,right,1.0,0,0,1.4041278357058906,0.6690921252156458,0.23482998848533304,0.09689584409965157,0.3478831534934212,-0.9199059078443287,-0.5431372015814429,-0.8392765675531794,-0.6246338981384434,nan,nan
S005_CSL_bye_0018,S005,CSL_bye,dominant_either,31,0.6111111111111112,1.0,0.0,1.0,0.0,right,1.0,0,0,1.3278207691149022,0.691708742799348,0.282967002835846,0.0859571606726891,0.32253644541549986,-1.0007031655146996,-0.5827512598927951,-0.9384778282876317,-0.5749009555716161,nan,nan
S005_CSL_bye_0019,S005,CSL_bye,dominant_either,33,0.6111111111111112,1.0,0.0,1.0,0.0,right,1.0,0,0,1.5867746848664275,0.8032864475257935,0.21460186056920605,0.08162387742255384,0.38833088931415605,-0.999383070313341,-0.5219029446386808,-0.9361113922410992,-0.553101493757931,nan,nan
S005_CSL_bye_0020,S005,CSL_bye,dominant_either,33,0.6111111111111112,1.0,0.0,1.0,0.0,right,1.0,0,0,1.58818360262512,0.7880475031604497,0.28601978909847287,0.08513583235831079,0.3910074529920955,-1.0010149437920652,-0.5515429921412929,-0.9334756248495666,-0.5376656118170017,nan,nan
S005_CSL_hello_0001,S005,CSL_hello,dominant_either,32,0.6111111111111112,1.0,0.0,1.0,0.0,right,1.0,0,0,1.86599838875803,0.9569029798610933,0.2397567836024847,0.23339657932230418,0.678371032252987,-0.8062584009546038,0.32636901611087055,-0.7438593548615128,0.510208196713416,nan,nan
S005_CSL_hello_0002,S005,CSL_hello,dominant_either,31,0.6111111111111112,1.0,0.0,1.0,0.0,right,1.0,0,0,2.7058903929772735,1.3741913984325116,0.29364202535326117,0.2742898080180759,1.0729204169683424,-0.7612750816542149,-0.529550886388961,-0.9722506214304955,0.4675297800176272,nan,nan
S005_CSL_hello_0003,S005,CSL_hello,dominant_either,33,0.5168350168350169,1.0,0.0,0.7575757575757576,0.0,right,0.7575757575757576,8,0,2.8212809191484345,1.8970452975341596,0.293671868118166,0.48854873662318454,1.0420668579643788,-0.4327926633468596,0.9144589881029639,-0.9213413999700442,0.540850352825069,nan,nan
S005_CSL_hello_0004,S005,CSL_hello,dominant_either,31,0.6111111111111112,1.0,0.03225806451612903,0.967741935483871,0.0,right,0.967741935483871,1,1,2.39964784928752,1.3258772137466521,0.31801373917987424,0.2547377936749553,0.8414111124638952,-0.7463274058126832,-0.2516457941574465,-0.9178266180598507,0.3111518030419931,nan,nan
S005_CSL_hello_0005,S005,CSL_hello,dominant_either,33,0.8585858585858586,1.0,0.7272727272727273,0.9090909090909091,0.6363636363636364,right,0.9090909090909091,1,1,2.0392081282540357,1.2108216858493408,0.3156031697793031,0.4411867750135202,1.1320643855718053,-0.7192186063894924,-0.15513331076288503,-1.0093490171641506,0.5600171248021171,nan,nan
S005_CSL_hello_0006,S005,CSL_hello,dominant_either,33,0.9764309764309764,1.0,1.0,0.9393939393939394,0.9393939393939394,left,1.0,0,0,0.6761422166260512,0.33986374887392834,0.046236003688722334,0.03700597033738773,0.179803557928351,0.5758043829780108,1.2319119312072673,0.5927457289642283,1.3270870310610339,nan,nan
S005_CSL_hello_0007,S005,CSL_hello,dominant_either,33,0.9882154882154882,1.0,1.0,0.9696969696969697,0.9696969696969697,left,1.0,0,0,0.5819111966676562,0.2869131774158787,0.04232547353123966,0.05729512550893823,0.1519482984448166,0.5780758224563856,1.1931609215101229,0.6104378278179505,1.3035859848349538,nan,nan
S005_CSL_hello_0008,S005,CSL_hello,dominant_either,33,0.8585858585858586,1.0,0.6363636363636364,1.0,0.6363636363636364,right,1.0,0,0,1.6341759113460248,0.8011998926446773,0.27152475527987696,0.1961683738439809,0.5451029769321193,-0.7932289422718549,-0.039362460117367985,-0.9875254921247089,0.25874375649102993,nan,nan
S005_CSL_hello_0009,S005,CSL_hello,dominant_either,34,1.0,1.0,1.0,1.0,1.0,left,1.0,0,0,0.44488064278689804,0.22410631519152777,0.04937660180270674,0.034988099893751956,0.14649771983374893,0.5856998368836973,1.1765635401381394,0.604877051215772,1.2617878559695133,nan,nan
S005_CSL_hello_0010,S005,CSL_hello,dominant_either,33,1.0,1.0,1.0,1.0,1.0,left,1.0,0,0,0.5290450074127352,0.27098295529440464,0.041543175189913094,0.04156220865812865,0.14016456734816063,0.592103870578276,1.1260801573616672,0.5982319381859981,1.2552192281516372,nan,nan
S005_CSL_hello_0011,S005,CSL_hello,dominant_either,31,0.6111111111111112,1.0,0.0,1.0,0.0,right,1.0,0,0,1.969695899107753,0.9765412753439688,0.24491697681501706,0.3844132747259753,0.8167579836098613,-0.8188719887319807,-0.2924003459212048,-1.1557108883382565,0.36191478887880446,nan,nan
S005_CSL_hello_0012,S005,CSL_hello,dominant_either,34,0.4852941176470588,1.0,0.0,0.6764705882352942,0.0,right,0.6764705882352942,11,0,2.2274117512663496,1.5148245237387572,0.2682921597789623,0.2259561211377965,0.9084219560490668,-1.1464711328863983,0.9516430346054556,-1.1288901630556734,0.6559193702703479,nan,nan
S005_CSL_hello_0013,S005,CSL_hello,dominant_either,30,0.6370370370370371,1.0,0.13333333333333333,0.9333333333333333,0.06666666666666667,right,0.9333333333333333,2,2,2.8236466482288174,1.6205273970906235,0.31494606958102284,0.4126336446784974,1.9163250066343978,-1.1931268343792774,1.5754684435630064,-1.0680478508497617,0.3207502342940577,nan,nan
S005_CSL_hello_0014,S005,CSL_hello,dominant_either,36,0.45987654320987653,1.0,0.0,0.6111111111111112,0.0,right,0.6111111111111112,14,0,1.4943417274913489,1.0967132215225697,0.25106437999534564,0.15525365800331203,0.9586637923193555,-0.7967119479325245,0.95547692823593,-0.8737943327185637,0.31562085093781317,nan,nan
S005_CSL_hello_0015,S005,CSL_hello,dominant_either,35,0.4777777777777778,1.0,0.0,0.6571428571428571,0.0,right,0.6571428571428571,12,0,1.5698483790753899,1.1184967335214402,0.20035622643844592,0.2647156717740251,0.8472290232490693,-0.6186542957393955,0.8843287626271694,-0.8060533504754582,0.45431286154167544,nan,nan
S005_CSL_hello_0016,S005,CSL_hello,dominant_either,33,0.5286195286195287,1.0,0.0,0.7878787878787878,0.0,right,0.7878787878787878,6,1,2.0019530969234096,1.2623811756356211,0.2572429819236174,0.8232631935463142,1.2758149283696512,-1.4913166507476572,0.9977410188102467,-0.7312085720881488,0.2348737991748276,nan,nan
S005_CSL_hello_0017,S005,CSL_hello,dominant_either,34,0.6111111111111112,1.0,0.0,1.0,0.0,right,1.0,0,0,1.8037860291615189,0.8807430356757393,0.18305539626736694,0.1121887558242971,0.5721067146043428,-0.9084369220634214,0.1498061765964089,-0.9144813765128669,0.40077656398019895,nan,nan
S005_CSL_hello_0018,S005,CSL_hello,dominant_either,33,0.5875420875420876,1.0,0.0,0.9393939393939394,0.0,right,0.9393939393939394,1,1,2.082769896170535,1.173113409969266,0.26107952057804074,0.20258761011154425,1.0415688805773644,-1.0080455707768452,0.7632688879977281,-0.8724641316633258,0.24453056336188125,nan,nan
S005_CSL_hello_0019,S005,CSL_hello,dominant_either,32,0.6111111111111112,1.0,0.0,1.0,0.0,right,1.0,0,0,2.0890037260195853,1.045562999044507,0.21494399878230078,0.2456057303655409,0.8923956826542718,-1.067703603181263,0.4424543438328404,-0.8963142956501904,0.29613284309670573,nan,nan
S005_CSL_hello_0020,S005,CSL_hello,dominant_either,35,0.4666666666666667,1.0,0.0,0.6285714285714286,0.0,right,0.6285714285714286,13,0,1.710764978347046,1.2562070014388749,0.2960512562334962,0.26380612456502317,0.6832187984333669,-0.9295556196481659,0.31326974463649004,-0.9748817358549324,0.5093195620319562,nan,nan
S005_CSL_what_0001,S005,CSL_what,both_hands,31,0.9247311827956989,1.0,0.9032258064516129,0.9032258064516129,0.8064516129032258,both,0.8064516129032258,3,3,1.1938135279960018,0.8742188659062314,0.25667477815385814,0.11686066488363112,1.3217471617195764,0.039651017284142775,0.6937199872667186,0.011789220898576369,1.0606130167876724,1.3988668785927578,1.354306764089746
S005_CSL_what_0002,S005,CSL_what,both_hands,31,0.899641577060932,1.0,0.8387096774193549,0.9032258064516129,0.7419354838709677,both,0.7419354838709677,2,2,1.0580364926776238,0.9646538055470639,0.3016705826573449,0.08054719533404864,1.2488083229138955,0.022509431306008076,0.9592487968201984,0.019811706294420084,1.041466631616567,1.5691803714322063,0.914812691329989
S005_CSL_what_0003,S005,CSL_what,both_hands,28,0.875,1.0,0.8571428571428571,0.8214285714285714,0.6785714285714286,both,0.6785714285714286,9,9,0.7565694804515407,0.6811616343701737,0.1891842418841365,0.08842930265258853,0.8899003755495042,0.03308127373074565,0.32511256345935846,0.011400367667079192,0.6414494967509107,1.5647926073839833,1.0093330836561356
S005_CSL_what_0004,S005,CSL_what,both_hands,26,0.8205128205128205,1.0,0.7692307692307693,0.7692307692307693,0.5384615384615384,both,0.5384615384615384,12,0,0.7937723208458013,0.9252248021171827,0.22006049678845557,0.03732105163136634,0.734599890232499,0.07534625254810068,0.4129501504266456,0.10187437623825979,-0.2860301544212208,1.4317011512838003,0.25944549437197617
S005_CSL_what_0005,S005,CSL_what,both_hands,30,0.65,1.0,0.5333333333333333,0.5666666666666667,0.5333333333333333,both,0.5333333333333333,13,1,0.9733891112194457,1.1197864737915941,0.2521031611274788,0.10259502409282598,0.7477539217942305,0.06866193568198983,0.040659628263471234,0.0230961129970928,-0.17357946087640652,1.2375047065721567,0.9013694563595461
S005_CSL_what_0006,S005,CSL_what,both_hands,25,0.7044444444444444,1.0,0.64,0.6,0.56,both,0.56,9,2,0.4391214714132587,0.5379705240957746,0.12528604796426968,0.0974982714844004,0.33383576450667096,0.14423733948448597,0.05754584397633507,0.1944044389295393,-0.23420701961560186,1.0873403211670851,0.4236317441945048
S005_CSL_what_0007,S005,CSL_what,both_hands,20,0.7277777777777777,1.0,0.6,0.7,0.6,both,0.6,8,0,0.31067094294731384,0.28555292365861906,0.07636231727766832,0.11161300385091999,0.13036989444619962,0.09350288115956779,0.12584382448413417,-0.01245585629030277,0.057513596558706845,1.3362011269994551,0.14362977767725327
S005_CSL_what_0009,S005,CSL_what,both_hands,20,0.6888888888888889,1.0,0.6,0.6,0.6,both,0.6,8,0,0.21650479688658897,0.19833915152437298,0.07803039124835455,0.038146270113818714,0.07700310112071308,0.1317099752671252,-0.04845113673035111,0.1698562453809439,0.018565270284166404,1.2504568466527501,0.2160920031866438
S005_CSL_what_0008,S005,CSL_what,both_hands,20,0.65,1.0,0.6,0.5,0.5,both,0.5,10,0,0.18070123670417498,0.20307735766761023,0.07592907284773545,0.07228812351926373,0.0718730680540233,0.1216826935382897,-0.0430631619026105,0.05492301389921933,-0.07897753556896503,1.461632285546024,0.19623257147618656
S005_CSL_what_0010,S005,CSL_what,both_hands,30,0.8444444444444444,1.0,0.7333333333333333,0.8666666666666667,0.6333333333333333,both,0.6333333333333333,9,2,0.38726458437102296,0.337153131828429,0.0789862735653919,0.1088756459244396,0.2176036542736567,0.0863220050630032,-0.022185840644348465,0.15265172662107263,-0.047461101840388056,1.378652528133703,0.3940648954120216
S005_CSL_what_0011,S005,CSL_what,both_hands,30,0.7666666666666667,1.0,0.6333333333333333,0.7666666666666667,0.5,both,0.5,15,0,0.4373473230585163,0.48807571935543415,0.17951355006393685,0.05276167450895333,0.35457609819840546,0.07476145015246577,0.059533627820936734,0.062052240496543454,-0.2950424703774687,1.2712842802149433,0.24454140415680814
S005_CSL_what_0012,S005,CSL_what,both_hands,20,0.7666666666666667,1.0,0.7,0.7,0.7,both,0.7,6,0,0.29953965351714956,0.24098384911208745,0.0811180540442802,0.07686790050374964,0.16723234592557878,0.06204143579549354,0.003304794869214655,0.07676712381390893,-0.1354476930976754,1.3526166647873576,0.23732433543492237
S005_CSL_what_0013,S005,CSL_what,both_hands,20,0.8055555555555556,1.0,0.8,0.7,0.65,both,0.65,5,2,0.2346597411997103,0.21354970997136535,0.06070879177955695,0.04127722759111124,0.10605426284564534,0.14687944631971275,-0.0016563336054444197,0.1472731570812778,-0.024269160557615212,1.3127781274524326,0.3454433842777065
S005_CSL_what_0014,S005,CSL_what,both_hands,27,0.8271604938271605,1.0,0.9629629629629629,0.5925925925925926,0.5925925925925926,both,0.5925925925925926,11,0,0.3032511520242165,0.3137740635062759,0.08368789660190078,0.10978235679546292,0.16085341828969715,0.09492933763969691,0.03292554716742483,0.026171529001432325,0.19377896545712198,1.1256498886712225,0.1355594702209395
S005_CSL_what_0015,S005,CSL_what,both_hands,20,0.7861111111111111,1.0,0.9,0.55,0.5,both,0.5,10,0,0.16663852150045194,0.18023462957707878,0.03534244375868927,0.03508400926829358,0.045037965876653346,0.06395231629979131,0.12005375773489879,0.0957334874343434,0.1504071116920655,1.377975430539248,0.09453051928062939
S005_CSL_what_0016,S005,CSL_what,both_hands,31,0.9372759856630825,1.0,0.9354838709677419,0.9032258064516129,0.8387096774193549,both,0.8387096774193549,2,2,0.48860566996267507,0.3365248139364755,0.06677810452651936,0.067988639360791,0.25322668508735263,0.0417545603845072,-0.020384082517526287,0.03667846569284722,0.10022166417855052,1.267328240048626,0.5291456219467605
S005_CSL_what_0017,S005,CSL_what,both_hands,21,0.8518518518518519,1.0,0.9523809523809523,0.6666666666666666,0.6666666666666666,both,0.6666666666666666,4,4,0.3700707413796321,0.3346157322171346,0.10023822232120823,0.1331005211023994,0.08960908819661924,0.07030043669458713,0.12378496337377723,-0.01860094385236838,0.07964323858809998,1.1810806356660835,0.305877294743256
S005_CSL_what_0018,S005,CSL_what,both_hands,20,0.8055555555555556,1.0,0.85,0.65,0.65,both,0.65,7,7,0.3840502724827982,0.3495449794231153,0.06801765162341086,0.03797093591442388,0.17503122583364397,0.09583010107962844,0.09417874933954942,0.05785916516520456,0.23518905150089678,1.1415263879108926,0.41598958020492627
S005_CSL_what_0020,S005,CSL_what,both_hands,21,0.7407407407407407,1.0,0.7619047619047619,0.5714285714285714,0.42857142857142855,both,0.42857142857142855,12,0,0.3663224107129327,0.43720281331136845,0.1010892821901652,0.06619513310624797,0.12457128703626422,0.07217057119941322,-0.10685570166945743,0.0604696514427811,-0.23142698870572165,1.4448093527384747,0.285129578293281
S005_CSL_what_0019,S005,CSL_what,both_hands,24,0.8055555555555556,1.0,0.6666666666666666,0.8333333333333334,0.5,both,0.5,12,0,0.3955055176052483,0.49391050025758293,0.06503072992032527,0.08821443758425807,0.15222707316229284,0.216787815515532,-0.03909849084861623,0.19256633323386196,-0.15793325617912002,1.5620541421177798,0.24818281481179594
